
> game-project@1.0.0 build
> vite build

[36mvite v7.0.6 [32mbuilding for production...[36m[39m
transforming...
The glob option "as" has been deprecated in favour of "query". Please update `as: 'url'` to `query: '?url', import: 'default'`.
The glob option "as" has been deprecated in favour of "query". Please update `as: 'url'` to `query: '?url', import: 'default'`.
The glob option "as" has been deprecated in favour of "query". Please update `as: 'url'` to `query: '?url', import: 'default'`.
The glob option "as" has been deprecated in favour of "query". Please update `as: 'url'` to `query: '?url', import: 'default'`.
The glob option "as" has been deprecated in favour of "query". Please update `as: 'url'` to `query: '?url', import: 'default'`.
The glob option "as" has been deprecated in favour of "query". Please update `as: 'url'` to `query: '?url', import: 'default'`.
The glob option "as" has been deprecated in favour of "query". Please update `as: 'url'` to `query: '?url', import: 'default'`.
The glob option "as" has been deprecated in favour of "query". Please update `as: 'url'` to `query: '?url', import: 'default'`.
The glob option "as" has been deprecated in favour of "query". Please update `as: 'url'` to `query: '?url', import: 'default'`.
The glob option "as" has been deprecated in favour of "query". Please update `as: 'url'` to `query: '?url', import: 'default'`.

/images/入力ホーム.jpg referenced in /images/入力ホーム.jpg didn't resolve at build time, it will remain unchanged to be resolved at runtime
[32m✓[39m 1881 modules transformed.
rendering chunks...
computing gzip size...
[2mdist/[22m[32mindex.html                                                                                                                                                                                                [39m[1m[2m    1.24 kB[22m[1m[22m[2m │ gzip:   0.71 kB[22m
[2mdist/[22m[32massets/剣使い-DVDFlZT-.webp                                                                                                                                                                                  [39m[1m[2m    4.10 kB[22m[1m[22m
[2mdist/[22m[32massets/吐息-DPMvbVzR.webp                                                                                                                                                                                   [39m[1m[2m    4.12 kB[22m[1m[22m
[2mdist/[22m[32massets/精神-COz8_wcX.webp                                                                                                                                                                                   [39m[1m[2m    4.14 kB[22m[1m[22m
[2mdist/[22m[32massets/脚-BWGbcDi7.webp                                                                                                                                                                                    [39m[1m[2m    4.22 kB[22m[1m[22m
[2mdist/[22m[32massets/盾使い-eNEWda3e.webp                                                                                                                                                                                  [39m[1m[2m    4.22 kB[22m[1m[22m
[2mdist/[22m[32massets/弓-Bf-5CkAl.webp                                                                                                                                                                                    [39m[1m[2m    4.54 kB[22m[1m[22m
[2mdist/[22m[32massets/羽-oiYya1_9.webp                                                                                                                                                                                    [39m[1m[2m    4.55 kB[22m[1m[22m
[2mdist/[22m[32massets/空間-CPc6vYGG.webp                                                                                                                                                                                   [39m[1m[2m    4.55 kB[22m[1m[22m
[2mdist/[22m[32massets/雷-F33CVVvY.webp                                                                                                                                                                                    [39m[1m[2m    4.66 kB[22m[1m[22m
[2mdist/[22m[32massets/投擲-PWA7WADI.webp                                                                                                                                                                                   [39m[1m[2m    4.71 kB[22m[1m[22m
[2mdist/[22m[32massets/爪-BzTNsmae.webp                                                                                                                                                                                    [39m[1m[2m    4.78 kB[22m[1m[22m
[2mdist/[22m[32massets/風2-BXOiKv7S.webp                                                                                                                                                                                   [39m[1m[2m    4.91 kB[22m[1m[22m
[2mdist/[22m[32massets/肉体-BnP4rdUq.webp                                                                                                                                                                                   [39m[1m[2m    4.91 kB[22m[1m[22m
[2mdist/[22m[32massets/地-BYmhc5Y3.webp                                                                                                                                                                                    [39m[1m[2m    5.18 kB[22m[1m[22m
[2mdist/[22m[32massets/力場-FBlLmupt.webp                                                                                                                                                                                   [39m[1m[2m    5.21 kB[22m[1m[22m
[2mdist/[22m[32massets/水-x7ILLWYJ.webp                                                                                                                                                                                    [39m[1m[2m    5.27 kB[22m[1m[22m
[2mdist/[22m[32massets/信仰-2dpmjSUj.webp                                                                                                                                                                                   [39m[1m[2m    5.34 kB[22m[1m[22m
[2mdist/[22m[32massets/素手-DIoqM_ER.webp                                                                                                                                                                                   [39m[1m[2m    5.34 kB[22m[1m[22m
[2mdist/[22m[32massets/魔道士-Ch9gjdIA.webp                                                                                                                                                                                  [39m[1m[2m    5.34 kB[22m[1m[22m
[2mdist/[22m[32massets/戦士-CmlMZlXx.webp                                                                                                                                                                                   [39m[1m[2m    5.39 kB[22m[1m[22m
[2mdist/[22m[32massets/人間-D0q2vw1i.webp                                                                                                                                                                                   [39m[1m[2m    5.41 kB[22m[1m[22m
[2mdist/[22m[32massets/物質-gZII-rQS.webp                                                                                                                                                                                   [39m[1m[2m    5.53 kB[22m[1m[22m
[2mdist/[22m[32massets/神官 - コピー-ChhbVxHb.webp                                                                                                                                                                             [39m[1m[2m    5.54 kB[22m[1m[22m
[2mdist/[22m[32massets/死者-DxlJ3uxO.webp                                                                                                                                                                                   [39m[1m[2m    5.55 kB[22m[1m[22m
[2mdist/[22m[32massets/牙-C6iR2p_g.webp                                                                                                                                                                                    [39m[1m[2m    5.63 kB[22m[1m[22m
[2mdist/[22m[32massets/森司祭-_Gycmxao.webp                                                                                                                                                                                  [39m[1m[2m    5.68 kB[22m[1m[22m
[2mdist/[22m[32massets/気功-Bl5Qh1w8.webp                                                                                                                                                                                   [39m[1m[2m    5.72 kB[22m[1m[22m
[2mdist/[22m[32massets/毒-n9gZdMY4.webp                                                                                                                                                                                    [39m[1m[2m    5.75 kB[22m[1m[22m
[2mdist/[22m[32massets/宇宙-1tl2-SXS.webp                                                                                                                                                                                   [39m[1m[2m    5.77 kB[22m[1m[22m
[2mdist/[22m[32massets/水-QM35m922.webp                                                                                                                                                                                    [39m[1m[2m    5.77 kB[22m[1m[22m
[2mdist/[22m[32massets/太陽-BBY2ZgU3.webp                                                                                                                                                                                   [39m[1m[2m    5.78 kB[22m[1m[22m
[2mdist/[22m[32massets/光-Dxc-Mc6A.webp                                                                                                                                                                                    [39m[1m[2m    5.81 kB[22m[1m[22m
[2mdist/[22m[32massets/獣人-Bo-BXL8m.webp                                                                                                                                                                                   [39m[1m[2m    5.84 kB[22m[1m[22m
[2mdist/[22m[32massets/星-QtFJVL5G.webp                                                                                                                                                                                    [39m[1m[2m    5.88 kB[22m[1m[22m
[2mdist/[22m[32massets/空間2-Bo_flkaO.webp                                                                                                                                                                                  [39m[1m[2m    5.90 kB[22m[1m[22m
[2mdist/[22m[32massets/回復-CQoYeiuu.webp                                                                                                                                                                                   [39m[1m[2m    5.93 kB[22m[1m[22m
[2mdist/[22m[32massets/呪い-DipCJeUK.webp                                                                                                                                                                                   [39m[1m[2m    5.96 kB[22m[1m[22m
[2mdist/[22m[32massets/魔道士 - コピー-BrkiYbe5.webp                                                                                                                                                                            [39m[1m[2m    5.99 kB[22m[1m[22m
[2mdist/[22m[32massets/全体銃撃-0rLwOw-A.webp                                                                                                                                                                                 [39m[1m[2m    6.03 kB[22m[1m[22m
[2mdist/[22m[32massets/追跡者-DyuWUBjt.webp                                                                                                                                                                                  [39m[1m[2m    6.08 kB[22m[1m[22m
[2mdist/[22m[32massets/炎-BkH53amC.webp                                                                                                                                                                                    [39m[1m[2m    6.17 kB[22m[1m[22m
[2mdist/[22m[32massets/回復-BCwQ5127.webp                                                                                                                                                                                   [39m[1m[2m    6.21 kB[22m[1m[22m
[2mdist/[22m[32massets/強化-B8KhECYB.webp                                                                                                                                                                                   [39m[1m[2m    6.22 kB[22m[1m[22m
[2mdist/[22m[32massets/巨人-2DkcoEy9.webp                                                                                                                                                                                   [39m[1m[2m    6.26 kB[22m[1m[22m
[2mdist/[22m[32massets/携帯電話に出る-KvvZYYHr.mp3                                                                                                                                                                               [39m[1m[2m    6.27 kB[22m[1m[22m
[2mdist/[22m[32massets/弾幕-Dja1DCtn.webp                                                                                                                                                                                   [39m[1m[2m    6.28 kB[22m[1m[22m
[2mdist/[22m[32massets/悪魔-CjZlsmA6.webp                                                                                                                                                                                   [39m[1m[2m    6.31 kB[22m[1m[22m
[2mdist/[22m[32massets/対魔-B-rVtHGD.webp                                                                                                                                                                                   [39m[1m[2m    6.34 kB[22m[1m[22m
[2mdist/[22m[32massets/兵士-CcXgm_ba.webp                                                                                                                                                                                   [39m[1m[2m    6.35 kB[22m[1m[22m
[2mdist/[22m[32massets/重力2-BBExwm3u.webp                                                                                                                                                                                  [39m[1m[2m    6.45 kB[22m[1m[22m
[2mdist/[22m[32massets/幽霊-Bg1e6JG6.webp                                                                                                                                                                                   [39m[1m[2m    6.45 kB[22m[1m[22m
[2mdist/[22m[32massets/吸血鬼-Co2FiBzq.webp                                                                                                                                                                                  [39m[1m[2m    6.50 kB[22m[1m[22m
[2mdist/[22m[32massets/月-B05Omvap.webp                                                                                                                                                                                    [39m[1m[2m    6.54 kB[22m[1m[22m
[2mdist/[22m[32massets/蟲人-DHHGyu7e.webp                                                                                                                                                                                   [39m[1m[2m    6.55 kB[22m[1m[22m
[2mdist/[22m[32massets/銃-BC_Ox6Fp.webp                                                                                                                                                                                    [39m[1m[2m    6.61 kB[22m[1m[22m
[2mdist/[22m[32massets/風-48p3UwU9.webp                                                                                                                                                                                    [39m[1m[2m    6.71 kB[22m[1m[22m
[2mdist/[22m[32massets/小人-CTzoAsCe.webp                                                                                                                                                                                   [39m[1m[2m    6.72 kB[22m[1m[22m
[2mdist/[22m[32massets/音-BAA2Ra9i.webp                                                                                                                                                                                    [39m[1m[2m    6.73 kB[22m[1m[22m
[2mdist/[22m[32massets/血しぶき-CPl_ByQr.webp                                                                                                                                                                                 [39m[1m[2m    6.73 kB[22m[1m[22m
[2mdist/[22m[32massets/防御2-BMjuhBLn.webp                                                                                                                                                                                  [39m[1m[2m    6.76 kB[22m[1m[22m
[2mdist/[22m[32massets/自然-ZANN3rb_.webp                                                                                                                                                                                   [39m[1m[2m    6.77 kB[22m[1m[22m
[2mdist/[22m[32massets/土人-C7aeW61x.webp                                                                                                                                                                                   [39m[1m[2m    6.77 kB[22m[1m[22m
[2mdist/[22m[32massets/弓使い - コピー-Cx2vtjK8.webp                                                                                                                                                                            [39m[1m[2m    6.77 kB[22m[1m[22m
[2mdist/[22m[32massets/眼-DWS8kZAk.webp                                                                                                                                                                                    [39m[1m[2m    6.80 kB[22m[1m[22m
[2mdist/[22m[32massets/鬼妖-CROlthP2.webp                                                                                                                                                                                   [39m[1m[2m    6.81 kB[22m[1m[22m
[2mdist/[22m[32massets/地2-B2AqO6Os.webp                                                                                                                                                                                   [39m[1m[2m    6.84 kB[22m[1m[22m
[2mdist/[22m[32massets/動死体-sYQX3SQ4.webp                                                                                                                                                                                  [39m[1m[2m    6.87 kB[22m[1m[22m
[2mdist/[22m[32massets/妖精-C-imdsQ9.webp                                                                                                                                                                                   [39m[1m[2m    6.88 kB[22m[1m[22m
[2mdist/[22m[32massets/海人-CmwkAURa.webp                                                                                                                                                                                   [39m[1m[2m    6.91 kB[22m[1m[22m
[2mdist/[22m[32massets/戦士 - コピー-BwWS7C3f.webp                                                                                                                                                                             [39m[1m[2m    6.94 kB[22m[1m[22m
[2mdist/[22m[32massets/砂時計-Def9E_Ge.webp                                                                                                                                                                                  [39m[1m[2m    6.94 kB[22m[1m[22m
[2mdist/[22m[32massets/時間-D2ZQ7dwU.webp                                                                                                                                                                                   [39m[1m[2m    7.08 kB[22m[1m[22m
[2mdist/[22m[32massets/追跡者 - コピー-CqO5pkFD.webp                                                                                                                                                                            [39m[1m[2m    7.22 kB[22m[1m[22m
[2mdist/[22m[32massets/幻覚-BKEOgyXs.webp                                                                                                                                                                                   [39m[1m[2m    7.26 kB[22m[1m[22m
[2mdist/[22m[32massets/天使-DNQNsQL6.webp                                                                                                                                                                                   [39m[1m[2m    7.27 kB[22m[1m[22m
[2mdist/[22m[32massets/火炎--lg7nRe0.webp                                                                                                                                                                                   [39m[1m[2m    7.30 kB[22m[1m[22m
[2mdist/[22m[32massets/魔法-cz5sk1cA.webp                                                                                                                                                                                   [39m[1m[2m    7.32 kB[22m[1m[22m
[2mdist/[22m[32massets/悪魔2-DJca_cbb.webp                                                                                                                                                                                  [39m[1m[2m    7.34 kB[22m[1m[22m
[2mdist/[22m[32massets/闇2-xQHrGNRd.webp                                                                                                                                                                                   [39m[1m[2m    7.42 kB[22m[1m[22m
[2mdist/[22m[32massets/森司祭 - コピー-DHjffsLK.webp                                                                                                                                                                            [39m[1m[2m    7.43 kB[22m[1m[22m
[2mdist/[22m[32massets/竜-r3kIg_0l.webp                                                                                                                                                                                    [39m[1m[2m    7.48 kB[22m[1m[22m
[2mdist/[22m[32massets/防御-C2rrKkDT.webp                                                                                                                                                                                   [39m[1m[2m    7.54 kB[22m[1m[22m
[2mdist/[22m[32massets/森人-DOoc0Gze.webp                                                                                                                                                                                   [39m[1m[2m    7.65 kB[22m[1m[22m
[2mdist/[22m[32massets/魂導者-DXtOHVIR.webp                                                                                                                                                                                  [39m[1m[2m    7.66 kB[22m[1m[22m
[2mdist/[22m[32massets/重力-BoZzUwpk.webp                                                                                                                                                                                   [39m[1m[2m    7.88 kB[22m[1m[22m
[2mdist/[22m[32massets/半悪魔-BKb5CnYp.webp                                                                                                                                                                                  [39m[1m[2m    7.90 kB[22m[1m[22m
[2mdist/[22m[32massets/炎の囲い-CAJftHI0.webp                                                                                                                                                                                 [39m[1m[2m    7.90 kB[22m[1m[22m
[2mdist/[22m[32massets/打撃連撃-DW0R5GBw.webp                                                                                                                                                                                 [39m[1m[2m    7.94 kB[22m[1m[22m
[2mdist/[22m[32massets/狩人 - コピー-8nA_YCH8.webp                                                                                                                                                                             [39m[1m[2m    7.97 kB[22m[1m[22m
[2mdist/[22m[32massets/白い矢-DCvGtmVT.webp                                                                                                                                                                                  [39m[1m[2m    8.04 kB[22m[1m[22m
[2mdist/[22m[32massets/祝福-BzBK8HLK.webp                                                                                                                                                                                   [39m[1m[2m    8.05 kB[22m[1m[22m
[2mdist/[22m[32massets/骸骨-DQLIElIb.webp                                                                                                                                                                                   [39m[1m[2m    8.12 kB[22m[1m[22m
[2mdist/[22m[32massets/カメラのシャッター2-De12AY0W.mp3                                                                                                                                                                            [39m[1m[2m    8.15 kB[22m[1m[22m
[2mdist/[22m[32massets/風-BVEBR0gw.webp                                                                                                                                                                                    [39m[1m[2m    8.19 kB[22m[1m[22m
[2mdist/[22m[32massets/氷-BZQf-GTT.webp                                                                                                                                                                                    [39m[1m[2m    8.20 kB[22m[1m[22m
[2mdist/[22m[32massets/決定音-CH6FqOf0.wav                                                                                                                                                                                   [39m[1m[2m    8.26 kB[22m[1m[22m
[2mdist/[22m[32massets/念動力-CwnVQhmW.webp                                                                                                                                                                                  [39m[1m[2m    8.29 kB[22m[1m[22m
[2mdist/[22m[32massets/火炎-B_Fulqxj.webp                                                                                                                                                                                   [39m[1m[2m    8.38 kB[22m[1m[22m
[2mdist/[22m[32massets/魔法-BfCtaDJM.webp                                                                                                                                                                                   [39m[1m[2m    8.41 kB[22m[1m[22m
[2mdist/[22m[32massets/動物-DvdDFXpX.webp                                                                                                                                                                                   [39m[1m[2m    8.42 kB[22m[1m[22m
[2mdist/[22m[32massets/大鬼-DvwbRLrv.webp                                                                                                                                                                                   [39m[1m[2m    8.45 kB[22m[1m[22m
[2mdist/[22m[32massets/光-DsSCVoS8.webp                                                                                                                                                                                    [39m[1m[2m    8.48 kB[22m[1m[22m
[2mdist/[22m[32massets/半吸血鬼-CShOuQKQ.webp                                                                                                                                                                                 [39m[1m[2m    8.69 kB[22m[1m[22m
[2mdist/[22m[32massets/エンジェル2-G9bi2yr1.webp                                                                                                                                                                               [39m[1m[2m    8.77 kB[22m[1m[22m
[2mdist/[22m[32massets/白バフ-BTLn11Dk.webp                                                                                                                                                                                  [39m[1m[2m    8.78 kB[22m[1m[22m
[2mdist/[22m[32massets/電撃-CLzxedLj.webp                                                                                                                                                                                   [39m[1m[2m    8.79 kB[22m[1m[22m
[2mdist/[22m[32massets/照準器_枠ver3-Bzp51vyo.webp                                                                                                                                                                            [39m[1m[2m    8.82 kB[22m[1m[22m
[2mdist/[22m[32massets/木人-Cmo0PQG2.webp                                                                                                                                                                                   [39m[1m[2m    8.97 kB[22m[1m[22m
[2mdist/[22m[32massets/食人鬼-CUFm9_xb.webp                                                                                                                                                                                  [39m[1m[2m    9.04 kB[22m[1m[22m
[2mdist/[22m[32massets/氷-OjoaSHP9.webp                                                                                                                                                                                    [39m[1m[2m    9.13 kB[22m[1m[22m
[2mdist/[22m[32massets/半天使-miOIfmMK.webp                                                                                                                                                                                  [39m[1m[2m    9.19 kB[22m[1m[22m
[2mdist/[22m[32massets/格闘家 - コピー-DZJ2VBik.webp                                                                                                                                                                            [39m[1m[2m    9.32 kB[22m[1m[22m
[2mdist/[22m[32massets/闇-RGI62Bzf.webp                                                                                                                                                                                    [39m[1m[2m    9.59 kB[22m[1m[22m
[2mdist/[22m[32massets/魂-CbgjKHOm.webp                                                                                                                                                                                    [39m[1m[2m    9.69 kB[22m[1m[22m
[2mdist/[22m[32massets/浄化-CNKnTk6S.webp                                                                                                                                                                                   [39m[1m[2m    9.91 kB[22m[1m[22m
[2mdist/[22m[32massets/雷-DBO3Tcuy.webp                                                                                                                                                                                    [39m[1m[2m    9.92 kB[22m[1m[22m
[2mdist/[22m[32massets/雷黄-CJ-8yVQL.webp                                                                                                                                                                                   [39m[1m[2m    9.92 kB[22m[1m[22m
[2mdist/[22m[32massets/精霊-BXKOzdPR.webp                                                                                                                                                                                   [39m[1m[2m    9.99 kB[22m[1m[22m
[2mdist/[22m[32massets/酸-BoZkpshK.webp                                                                                                                                                                                    [39m[1m[2m   10.02 kB[22m[1m[22m
[2mdist/[22m[32massets/isekai-Regular-BnnuQUE3.otf                                                                                                                                                                        [39m[1m[2m   10.37 kB[22m[1m[22m
[2mdist/[22m[32massets/闇の収束-DJIUTBcj.webp                                                                                                                                                                                 [39m[1m[2m   10.57 kB[22m[1m[22m
[2mdist/[22m[32massets/竜人-CKJgJf98.webp                                                                                                                                                                                   [39m[1m[2m   10.65 kB[22m[1m[22m
[2mdist/[22m[32massets/強化-fRhvMDFf.webp                                                                                                                                                                                   [39m[1m[2m   10.82 kB[22m[1m[22m
[2mdist/[22m[32massets/闇-B8hyH_uN.webp                                                                                                                                                                                    [39m[1m[2m   11.06 kB[22m[1m[22m
[2mdist/[22m[32massets/黒炎上-DyjhiaDg.webp                                                                                                                                                                                  [39m[1m[2m   11.22 kB[22m[1m[22m
[2mdist/[22m[32massets/刺突-D6eyd-DT.webp                                                                                                                                                                                   [39m[1m[2m   11.36 kB[22m[1m[22m
[2mdist/[22m[32massets/照準器_枠_三角-B3p3AHWl.webp                                                                                                                                                                             [39m[1m[2m   11.50 kB[22m[1m[22m
[2mdist/[22m[32massets/岩-CWTCI_BD.webp                                                                                                                                                                                    [39m[1m[2m   11.67 kB[22m[1m[22m
[2mdist/[22m[32massets/白炎上-xWhtkG2N.webp                                                                                                                                                                                  [39m[1m[2m   11.69 kB[22m[1m[22m
[2mdist/[22m[32massets/トレイにディスクをセット-BXHQLiJx.mp3                                                                                                                                                                          [39m[1m[2m   11.91 kB[22m[1m[22m
[2mdist/[22m[32massets/蟲-CaXmkc4j.webp                                                                                                                                                                                    [39m[1m[2m   12.60 kB[22m[1m[22m
[2mdist/[22m[32massets/選択-BtjbAxWz.webp                                                                                                                                                                                   [39m[1m[2m   12.75 kB[22m[1m[22m
[2mdist/[22m[32massets/粘体-Ca87h_di.webp                                                                                                                                                                                   [39m[1m[2m   13.26 kB[22m[1m[22m
[2mdist/[22m[32massets/銃火器・レーザーガン01-CYD_Qfvs.mp3                                                                                                                                                                          [39m[1m[2m   13.47 kB[22m[1m[22m
[2mdist/[22m[32massets/打撃3-CCNWEbzS.webp                                                                                                                                                                                  [39m[1m[2m   13.53 kB[22m[1m[22m
[2mdist/[22m[32massets/緑バフ-DSEnQcCi.webp                                                                                                                                                                                  [39m[1m[2m   13.57 kB[22m[1m[22m
[2mdist/[22m[32massets/黄バフ-Dga40CDQ.webp                                                                                                                                                                                  [39m[1m[2m   13.82 kB[22m[1m[22m
[2mdist/[22m[32massets/background-image-tHyLJDia.webp                                                                                                                                                                     [39m[1m[2m   13.90 kB[22m[1m[22m
[2mdist/[22m[32massets/爪-D5W_yJ3s.webp                                                                                                                                                                                    [39m[1m[2m   13.95 kB[22m[1m[22m
[2mdist/[22m[32massets/青バフ-DKLlKePr.webp                                                                                                                                                                                  [39m[1m[2m   14.22 kB[22m[1m[22m
[2mdist/[22m[32massets/紫バフ-g-V15pzD.webp                                                                                                                                                                                  [39m[1m[2m   14.34 kB[22m[1m[22m
[2mdist/[22m[32massets/赤バフ-3TRp8I9N.webp                                                                                                                                                                                  [39m[1m[2m   14.43 kB[22m[1m[22m
[2mdist/[22m[32massets/催眠-DActX3mi.webp                                                                                                                                                                                   [39m[1m[2m   14.68 kB[22m[1m[22m
[2mdist/[22m[32massets/炎上-COC84PyS.webp                                                                                                                                                                                   [39m[1m[2m   14.89 kB[22m[1m[22m
[2mdist/[22m[32massets/ロボットの足音3-Bk7kWxBW.mp3                                                                                                                                                                              [39m[1m[2m   14.98 kB[22m[1m[22m
[2mdist/[22m[32massets/落雷-CsrR9RLj.webp                                                                                                                                                                                   [39m[1m[2m   15.19 kB[22m[1m[22m
[2mdist/[22m[32massets/円_サイバー - コピー-9XZ7y8Na.webp                                                                                                                                                                         [39m[1m[2m   15.19 kB[22m[1m[22m
[2mdist/[22m[32massets/小爆発-_ly92JeY.webp                                                                                                                                                                                  [39m[1m[2m   15.67 kB[22m[1m[22m
[2mdist/[22m[32massets/落下-8YvR3ru9.webp                                                                                                                                                                                   [39m[1m[2m   15.82 kB[22m[1m[22m
[2mdist/[22m[32massets/magic-ring-5V1IzhNz.ttf                                                                                                                                                                            [39m[1m[2m   16.40 kB[22m[1m[22m
[2mdist/[22m[32massets/射撃-Ch0YYkm5.webp                                                                                                                                                                                   [39m[1m[2m   16.55 kB[22m[1m[22m
[2mdist/[22m[32massets/回復2-BOn0C4lw.webp                                                                                                                                                                                  [39m[1m[2m   16.58 kB[22m[1m[22m
[2mdist/[22m[32massets/スライム-CzdaC6qG.webp                                                                                                                                                                                 [39m[1m[2m   16.67 kB[22m[1m[22m
[2mdist/[22m[32massets/氷大-I4P_o1dx.webp                                                                                                                                                                                   [39m[1m[2m   17.13 kB[22m[1m[22m
[2mdist/[22m[32massets/円_サイバー-D-l872hB.webp                                                                                                                                                                               [39m[1m[2m   17.60 kB[22m[1m[22m
[2mdist/[22m[32massets/魔法の矢-C0nDOt50.webp                                                                                                                                                                                 [39m[1m[2m   17.87 kB[22m[1m[22m
[2mdist/[22m[32massets/レムレー-wfMu6a03.webp                                                                                                                                                                                 [39m[1m[2m   18.37 kB[22m[1m[22m
[2mdist/[22m[32massets/TechVermin-Regular-BGF9QPCh.otf                                                                                                                                                                    [39m[1m[2m   18.56 kB[22m[1m[22m
[2mdist/[22m[32massets/雷盾_image-splitter-qDLS0Agc.webp                                                                                                                                                                    [39m[1m[2m   18.61 kB[22m[1m[22m
[2mdist/[22m[32massets/alien-script-CjqSVmAX.ttf                                                                                                                                                                          [39m[1m[2m   18.76 kB[22m[1m[22m
[2mdist/[22m[32massets/348643__v4cuum__vocal-robotic-sound-CqlE5WYB.mp3                                                                                                                                                   [39m[1m[2m   19.32 kB[22m[1m[22m
[2mdist/[22m[32massets/TechVermin-Italic-CQ-Ox74F.otf                                                                                                                                                                     [39m[1m[2m   19.60 kB[22m[1m[22m
[2mdist/[22m[32massets/風大-Dfz-9w4f.webp                                                                                                                                                                                   [39m[1m[2m   19.71 kB[22m[1m[22m
[2mdist/[22m[32massets/青炎上-BWQjIuID.webp                                                                                                                                                                                  [39m[1m[2m   19.84 kB[22m[1m[22m
[2mdist/[22m[32massets/青い炎-Db8TGpG4.webp                                                                                                                                                                                  [39m[1m[2m   19.86 kB[22m[1m[22m
[2mdist/[22m[32massets/雷s5-dnI_GGAA.webp                                                                                                                                                                                  [39m[1m[2m   19.96 kB[22m[1m[22m
[2mdist/[22m[32massets/魔法の矢-DdFAEXbr.webp                                                                                                                                                                                 [39m[1m[2m   19.97 kB[22m[1m[22m
[2mdist/[22m[32massets/鉄の棒を落とす-gqiUuBYo.mp3                                                                                                                                                                               [39m[1m[2m   20.06 kB[22m[1m[22m
[2mdist/[22m[32massets/冷気光線-_8wYt0e3.webp                                                                                                                                                                                 [39m[1m[2m   20.06 kB[22m[1m[22m
[2mdist/[22m[32massets/炎上2-BFRS0MV8.webp                                                                                                                                                                                  [39m[1m[2m   20.56 kB[22m[1m[22m
[2mdist/[22m[32massets/決定ボタンを押す49-7nNIkeBo.mp3                                                                                                                                                                            [39m[1m[2m   20.64 kB[22m[1m[22m
[2mdist/[22m[32massets/円_サイバー - コピー (2)-CesWHX61.webp                                                                                                                                                                     [39m[1m[2m   20.79 kB[22m[1m[22m
[2mdist/[22m[32massets/巨大ロボットが腕を動かす3-DWgEuR2V.mp3                                                                                                                                                                         [39m[1m[2m   21.05 kB[22m[1m[22m
[2mdist/[22m[32massets/ロボットを強く殴る2-Cdpwngxb.mp3                                                                                                                                                                            [39m[1m[2m   21.31 kB[22m[1m[22m
[2mdist/[22m[32massets/死霊-QUVWYpCI.webp                                                                                                                                                                                   [39m[1m[2m   21.45 kB[22m[1m[22m
[2mdist/[22m[32massets/闇物理-DMlIFKq9.webp                                                                                                                                                                                  [39m[1m[2m   21.59 kB[22m[1m[22m
[2mdist/[22m[32massets/単発銃撃-CNOfWHRD.webp                                                                                                                                                                                 [39m[1m[2m   21.61 kB[22m[1m[22m
[2mdist/[22m[32massets/鍵を落とす-CaWLSZbA.mp3                                                                                                                                                                                 [39m[1m[2m   21.94 kB[22m[1m[22m
[2mdist/[22m[32massets/落雷2-DA58ilAK.webp                                                                                                                                                                                  [39m[1m[2m   22.10 kB[22m[1m[22m
[2mdist/[22m[32massets/ロボットを強く殴る1-Q7lf5kIw.mp3                                                                                                                                                                            [39m[1m[2m   22.40 kB[22m[1m[22m
[2mdist/[22m[32massets/白物理-CeTdEwqH.webp                                                                                                                                                                                  [39m[1m[2m   22.79 kB[22m[1m[22m
[2mdist/[22m[32massets/青の矢-DRQSXMp9.webp                                                                                                                                                                                  [39m[1m[2m   23.12 kB[22m[1m[22m
[2mdist/[22m[32massets/緑のや-06PH6jz4.webp                                                                                                                                                                                  [39m[1m[2m   23.36 kB[22m[1m[22m
[2mdist/[22m[32massets/赤の矢-FhPN6W7m.webp                                                                                                                                                                                  [39m[1m[2m   23.71 kB[22m[1m[22m
[2mdist/[22m[32massets/紫の矢-M2oyBR4w.webp                                                                                                                                                                                  [39m[1m[2m   23.74 kB[22m[1m[22m
[2mdist/[22m[32massets/黄色の矢-B4S6N0Hy.webp                                                                                                                                                                                 [39m[1m[2m   23.80 kB[22m[1m[22m
[2mdist/[22m[32massets/牙-Du-noi2Q.webp                                                                                                                                                                                    [39m[1m[2m   23.90 kB[22m[1m[22m
[2mdist/[22m[32massets/ロボットが腕を動かす1-B8UpJvBH.mp3                                                                                                                                                                           [39m[1m[2m   24.45 kB[22m[1m[22m
[2mdist/[22m[32massets/バット-CRfuKNvw.webp                                                                                                                                                                                  [39m[1m[2m   24.81 kB[22m[1m[22m
[2mdist/[22m[32massets/robot-say_第一世代-BK4-5BG4.mp3                                                                                                                                                                        [39m[1m[2m   25.70 kB[22m[1m[22m
[2mdist/[22m[32massets/水疱-I7fkhJeF.webp                                                                                                                                                                                   [39m[1m[2m   25.78 kB[22m[1m[22m
[2mdist/[22m[32massets/電話が切れる2-Bjk2pHWv.mp3                                                                                                                                                                               [39m[1m[2m   25.92 kB[22m[1m[22m
[2mdist/[22m[32massets/岩大-pT9rMq0_.webp                                                                                                                                                                                   [39m[1m[2m   25.97 kB[22m[1m[22m
[2mdist/[22m[32massets/ロボットが腕を動かす2-Ds-DfYGt.mp3                                                                                                                                                                           [39m[1m[2m   26.33 kB[22m[1m[22m
[2mdist/[22m[32massets/決定ボタンを押す6-C8Zfp0dz.mp3                                                                                                                                                                             [39m[1m[2m   26.33 kB[22m[1m[22m
[2mdist/[22m[32massets/カーソル移動2-DKpk9L_5.mp3                                                                                                                                                                               [39m[1m[2m   26.40 kB[22m[1m[22m
[2mdist/[22m[32massets/ロボットを殴る1-CvySbbaE.mp3                                                                                                                                                                              [39m[1m[2m   26.50 kB[22m[1m[22m
[2mdist/[22m[32massets/ロボットを殴る2-Bj2q9S0W.mp3                                                                                                                                                                              [39m[1m[2m   26.50 kB[22m[1m[22m
[2mdist/[22m[32massets/ロボットを殴る3-D_0YfcjD.mp3                                                                                                                                                                              [39m[1m[2m   26.50 kB[22m[1m[22m
[2mdist/[22m[32massets/血溜め-BsgK57qr.webp                                                                                                                                                                                  [39m[1m[2m   26.62 kB[22m[1m[22m
[2mdist/[22m[32massets/決定、ボタン押下31--7nNzTUR.mp3                                                                                                                                                                            [39m[1m[2m   27.07 kB[22m[1m[22m
[2mdist/[22m[32massets/矢-D7ba4kbp.webp                                                                                                                                                                                    [39m[1m[2m   27.30 kB[22m[1m[22m
[2mdist/[22m[32massets/落雷3-lnfDk4Gv.webp                                                                                                                                                                                  [39m[1m[2m   27.40 kB[22m[1m[22m
[2mdist/[22m[32massets/カーソル移動8-BfEd5Lgd.mp3                                                                                                                                                                               [39m[1m[2m   27.55 kB[22m[1m[22m
[2mdist/[22m[32massets/Neko_no_Mezame-BaQPave8.ttf                                                                                                                                                                        [39m[1m[2m   27.80 kB[22m[1m[22m
[2mdist/[22m[32massets/メッセージ表示音1-DtQv0zqp.mp3                                                                                                                                                                             [39m[1m[2m   27.91 kB[22m[1m[22m
[2mdist/[22m[32massets/キャンセル1-M5p0Tnpv.mp3                                                                                                                                                                                [39m[1m[2m   27.92 kB[22m[1m[22m
[2mdist/[22m[32massets/キャンセル7-ZpxTfNJj.mp3                                                                                                                                                                                [39m[1m[2m   28.13 kB[22m[1m[22m
[2mdist/[22m[32massets/ブースタージャンプ1-DezVHGNn.mp3                                                                                                                                                                            [39m[1m[2m   28.14 kB[22m[1m[22m
[2mdist/[22m[32massets/決定ボタンを押す46-gxzGzTER.mp3                                                                                                                                                                            [39m[1m[2m   28.15 kB[22m[1m[22m
[2mdist/[22m[32massets/ロボットが腕を動かす4-CnDMPb2C.mp3                                                                                                                                                                           [39m[1m[2m   28.21 kB[22m[1m[22m
[2mdist/[22m[32massets/闇盾_image-splitter-DO2C08Qg.webp                                                                                                                                                                    [39m[1m[2m   28.38 kB[22m[1m[22m
[2mdist/[22m[32massets/血盾_image-splitter-o5nZ6eCe.webp                                                                                                                                                                    [39m[1m[2m   28.39 kB[22m[1m[22m
[2mdist/[22m[32massets/カーソル移動5-w6sTkPki.mp3                                                                                                                                                                               [39m[1m[2m   28.54 kB[22m[1m[22m
[2mdist/[22m[32massets/ビープ音4-CkXQ8bHm.mp3                                                                                                                                                                                 [39m[1m[2m   28.54 kB[22m[1m[22m
[2mdist/[22m[32massets/バルブを回す-BPAP-DYg.mp3                                                                                                                                                                                [39m[1m[2m   28.58 kB[22m[1m[22m
[2mdist/[22m[32massets/炎盾_image-splitter-DiRQGmX0.webp                                                                                                                                                                    [39m[1m[2m   28.66 kB[22m[1m[22m
[2mdist/[22m[32massets/ビープ音1-DuPWWB90.mp3                                                                                                                                                                                 [39m[1m[2m   29.16 kB[22m[1m[22m
[2mdist/[22m[32massets/ビープ音3-DdsTJl3P.mp3                                                                                                                                                                                 [39m[1m[2m   29.16 kB[22m[1m[22m
[2mdist/[22m[32massets/メニューを開く1-D6r_IhOz.mp3                                                                                                                                                                              [39m[1m[2m   29.17 kB[22m[1m[22m
[2mdist/[22m[32massets/データ表示1-BqiwiQEn.mp3                                                                                                                                                                                [39m[1m[2m   29.17 kB[22m[1m[22m
[2mdist/[22m[32massets/炎の雨-vIzNOIZZ.webp                                                                                                                                                                                  [39m[1m[2m   29.38 kB[22m[1m[22m
[2mdist/[22m[32massets/魔法陣-DpOLn618.webp                                                                                                                                                                                  [39m[1m[2m   29.46 kB[22m[1m[22m
[2mdist/[22m[32massets/魅了-YjCnydAS.webp                                                                                                                                                                                   [39m[1m[2m   29.57 kB[22m[1m[22m
[2mdist/[22m[32massets/雷大-Ck3UDnh9.webp                                                                                                                                                                                   [39m[1m[2m   29.78 kB[22m[1m[22m
[2mdist/[22m[32massets/メニューを開く4-i9BCwtXO.mp3                                                                                                                                                                              [39m[1m[2m   29.79 kB[22m[1m[22m
[2mdist/[22m[32massets/雷円_image-splitter-YQwZx6Ky.webp                                                                                                                                                                    [39m[1m[2m   29.90 kB[22m[1m[22m
[2mdist/[22m[32massets/ロボットの足音2-CNYNJMNw.mp3                                                                                                                                                                              [39m[1m[2m   30.09 kB[22m[1m[22m
[2mdist/[22m[32massets/氷円_image-splitter-CO8W_SHu.webp                                                                                                                                                                    [39m[1m[2m   30.14 kB[22m[1m[22m
[2mdist/[22m[32massets/炎円_image-splitter-CVZdw7RC.webp                                                                                                                                                                    [39m[1m[2m   30.15 kB[22m[1m[22m
[2mdist/[22m[32massets/毒円_image-splitter-COeDeayK.webp                                                                                                                                                                    [39m[1m[2m   30.35 kB[22m[1m[22m
[2mdist/[22m[32massets/血円_image-splitter-Cq3g40WB.webp                                                                                                                                                                    [39m[1m[2m   30.95 kB[22m[1m[22m
[2mdist/[22m[32massets/白円_image-splitter-Cr7siwx_.webp                                                                                                                                                                    [39m[1m[2m   31.10 kB[22m[1m[22m
[2mdist/[22m[32massets/神聖-BYuYCfzB.webp                                                                                                                                                                                   [39m[1m[2m   31.15 kB[22m[1m[22m
[2mdist/[22m[32massets/闇円_image-splitter-CpaME5Ue.webp                                                                                                                                                                    [39m[1m[2m   31.19 kB[22m[1m[22m
[2mdist/[22m[32massets/シャキーン2-CJjEX9Ab.mp3                                                                                                                                                                                [39m[1m[2m   31.35 kB[22m[1m[22m
[2mdist/[22m[32massets/TECHNOID-BgSmQS1M.TTF                                                                                                                                                                              [39m[1m[2m   31.36 kB[22m[1m[22m
[2mdist/[22m[32massets/光広がる-DX7p-w2A.webp                                                                                                                                                                                 [39m[1m[2m   32.22 kB[22m[1m[22m
[2mdist/[22m[32massets/炎溜め-psyRerUQ.webp                                                                                                                                                                                  [39m[1m[2m   32.33 kB[22m[1m[22m
[2mdist/[22m[32massets/雷溜め-BEDnj-5P.webp                                                                                                                                                                                  [39m[1m[2m   32.53 kB[22m[1m[22m
[2mdist/[22m[32massets/悪魔の槍-BenWwnGb.webp                                                                                                                                                                                 [39m[1m[2m   32.99 kB[22m[1m[22m
[2mdist/[22m[32massets/聖域-C0QHTqi-.webp                                                                                                                                                                                   [39m[1m[2m   34.40 kB[22m[1m[22m
[2mdist/[22m[32massets/対象破壊-DFe_Cp-5.webp                                                                                                                                                                                 [39m[1m[2m   34.45 kB[22m[1m[22m
[2mdist/[22m[32massets/ディスクを取り出す-BBxCPn2g.mp3                                                                                                                                                                             [39m[1m[2m   34.48 kB[22m[1m[22m
[2mdist/[22m[32massets/公衆電話にお金を入れる-6wIdp2AF.mp3                                                                                                                                                                           [39m[1m[2m   34.48 kB[22m[1m[22m
[2mdist/[22m[32massets/蝙蝠-31wbJP_M.webp                                                                                                                                                                                   [39m[1m[2m   34.59 kB[22m[1m[22m
[2mdist/[22m[32massets/射撃2-D55I9dBh.webp                                                                                                                                                                                  [39m[1m[2m   35.33 kB[22m[1m[22m
[2mdist/[22m[32massets/robot_第二世代-CNr6Owum.mp3                                                                                                                                                                            [39m[1m[2m   35.55 kB[22m[1m[22m
[2mdist/[22m[32massets/氷盾_image-splitter-Rv0V0_xr.webp                                                                                                                                                                    [39m[1m[2m   35.65 kB[22m[1m[22m
[2mdist/[22m[32massets/メニューを開く3-3HNbYMJL.mp3                                                                                                                                                                              [39m[1m[2m   36.19 kB[22m[1m[22m
[2mdist/[22m[32massets/巨大ロボットが倒れる-DI1co_xT.mp3                                                                                                                                                                            [39m[1m[2m   36.58 kB[22m[1m[22m
[2mdist/[22m[32massets/火球-CAnQb1xx.webp                                                                                                                                                                                   [39m[1m[2m   37.49 kB[22m[1m[22m
[2mdist/[22m[32massets/クアジット-Bgf2U8FM.webp                                                                                                                                                                                [39m[1m[2m   37.55 kB[22m[1m[22m
[2mdist/[22m[32massets/ロボットの足音1-CjrWzY-U.mp3                                                                                                                                                                              [39m[1m[2m   37.62 kB[22m[1m[22m
[2mdist/[22m[32massets/第二世代ver1-2-BrttKCMi.webp                                                                                                                                                                           [39m[1m[2m   38.44 kB[22m[1m[22m
[2mdist/[22m[32massets/default-LipUgoBd.webp                                                                                                                                                                              [39m[1m[2m   38.46 kB[22m[1m[22m
[2mdist/[22m[32massets/雷物理-Bm-wxIPt.webp                                                                                                                                                                                  [39m[1m[2m   39.13 kB[22m[1m[22m
[2mdist/[22m[32massets/データ表示4-BZpyoRIU.mp3                                                                                                                                                                                [39m[1m[2m   39.20 kB[22m[1m[22m
[2mdist/[22m[32massets/Bレイブン-CgKd5qPa.webp                                                                                                                                                                                [39m[1m[2m   39.57 kB[22m[1m[22m
[2mdist/[22m[32massets/不調化の光線-Cl7sbyho.webp                                                                                                                                                                               [39m[1m[2m   39.76 kB[22m[1m[22m
[2mdist/[22m[32massets/氷物理-pU2MtmZK.webp                                                                                                                                                                                  [39m[1m[2m   39.87 kB[22m[1m[22m
[2mdist/[22m[32massets/炎物理-B3I-PkXi.webp                                                                                                                                                                                  [39m[1m[2m   40.14 kB[22m[1m[22m
[2mdist/[22m[32massets/酸物理-B7J-CeJ-.webp                                                                                                                                                                                  [39m[1m[2m   40.14 kB[22m[1m[22m
[2mdist/[22m[32massets/火球2-C8FwlF0G.webp                                                                                                                                                                                  [39m[1m[2m   40.24 kB[22m[1m[22m
[2mdist/[22m[32massets/毒盾_image-splitter-BJRLjYdH.webp                                                                                                                                                                    [39m[1m[2m   40.49 kB[22m[1m[22m
[2mdist/[22m[32massets/ニンジャ-DN0Jkzk3.webp                                                                                                                                                                                 [39m[1m[2m   40.89 kB[22m[1m[22m
[2mdist/[22m[32massets/復活-ClANko4A.webp                                                                                                                                                                                   [39m[1m[2m   41.31 kB[22m[1m[22m
[2mdist/[22m[32massets/ホーリーラビット-CiXXUdxx.webp                                                                                                                                                                             [39m[1m[2m   41.44 kB[22m[1m[22m
[2mdist/[22m[32massets/グレムリン-BhjH4oss.webp                                                                                                                                                                                [39m[1m[2m   42.78 kB[22m[1m[22m
[2mdist/[22m[32massets/決定ボタンを押す14-HblbLy09.mp3                                                                                                                                                                            [39m[1m[2m   43.11 kB[22m[1m[22m
[2mdist/[22m[32massets/スパイダー-DveSNs4V.webp                                                                                                                                                                                [39m[1m[2m   43.57 kB[22m[1m[22m
[2mdist/[22m[32massets/鏡_transparent-D4EjFvJQ.webp                                                                                                                                                                        [39m[1m[2m   43.63 kB[22m[1m[22m
[2mdist/[22m[32massets/花びら-ChQOnpfl.webp                                                                                                                                                                                  [39m[1m[2m   43.81 kB[22m[1m[22m
[2mdist/[22m[32massets/電車のドアが開く1-Beiz8IWM.mp3                                                                                                                                                                             [39m[1m[2m   44.51 kB[22m[1m[22m
[2mdist/[22m[32massets/ロボットを強く殴る3-CJ6OxIC0.mp3                                                                                                                                                                            [39m[1m[2m   44.93 kB[22m[1m[22m
[2mdist/[22m[32massets/決定ボタンを押す33-DmJLefE3.mp3                                                                                                                                                                            [39m[1m[2m   45.47 kB[22m[1m[22m
[2mdist/[22m[32massets/重機関銃を乱射1-B_nQiDSe.mp3                                                                                                                                                                              [39m[1m[2m   45.50 kB[22m[1m[22m
[2mdist/[22m[32massets/金額表示-THS8-NcM.mp3                                                                                                                                                                                  [39m[1m[2m   46.39 kB[22m[1m[22m
[2mdist/[22m[32massets/ロボット合体2-CHMBgocB.mp3                                                                                                                                                                               [39m[1m[2m   47.65 kB[22m[1m[22m
[2mdist/[22m[32massets/スネーク-BrT5SOJp.webp                                                                                                                                                                                 [39m[1m[2m   47.91 kB[22m[1m[22m
[2mdist/[22m[32massets/プテラノドン-4EpYkYNi.webp                                                                                                                                                                               [39m[1m[2m   47.95 kB[22m[1m[22m
[2mdist/[22m[32massets/氷溜め-DFDjIjgp.webp                                                                                                                                                                                  [39m[1m[2m   48.68 kB[22m[1m[22m
[2mdist/[22m[32massets/ファングウルフ-jKj2H_M4.webp                                                                                                                                                                              [39m[1m[2m   48.82 kB[22m[1m[22m
[2mdist/[22m[32massets/照準器ver3-WpUHYX_C.webp                                                                                                                                                                              [39m[1m[2m   49.36 kB[22m[1m[22m
[2mdist/[22m[32massets/ソルジャー-BvBBEvjI.webp                                                                                                                                                                                [39m[1m[2m   49.44 kB[22m[1m[22m
[2mdist/[22m[32massets/グール-BiyCpAzj.webp                                                                                                                                                                                  [39m[1m[2m   49.58 kB[22m[1m[22m
[2mdist/[22m[32massets/銃撃2発-BvfH8Nou.webp                                                                                                                                                                                 [39m[1m[2m   50.42 kB[22m[1m[22m
[2mdist/[22m[32massets/酸溜め-DJLes_mr.webp                                                                                                                                                                                  [39m[1m[2m   50.51 kB[22m[1m[22m
[2mdist/[22m[32massets/青熱戦-B3_9nIr2.webp                                                                                                                                                                                  [39m[1m[2m   50.64 kB[22m[1m[22m
[2mdist/[22m[32massets/水溜め-CuJv4mn_.webp                                                                                                                                                                                  [39m[1m[2m   51.19 kB[22m[1m[22m
[2mdist/[22m[32massets/シャドウデヴィル-PdDIqfkb.webp                                                                                                                                                                             [39m[1m[2m   51.31 kB[22m[1m[22m
[2mdist/[22m[32massets/雷r5-DaMFbey8.webp                                                                                                                                                                                  [39m[1m[2m   51.51 kB[22m[1m[22m
[2mdist/[22m[32massets/蘇生-PSLL0St4.webp                                                                                                                                                                                   [39m[1m[2m   51.65 kB[22m[1m[22m
[2mdist/[22m[32massets/矢2-C7IHeOP5.webp                                                                                                                                                                                   [39m[1m[2m   51.77 kB[22m[1m[22m
[2mdist/[22m[32massets/花溜め-huKw0X-b.webp                                                                                                                                                                                  [39m[1m[2m   51.89 kB[22m[1m[22m
[2mdist/[22m[32massets/射撃3-ByA8LGcn.webp                                                                                                                                                                                  [39m[1m[2m   52.29 kB[22m[1m[22m
[2mdist/[22m[32massets/円_サイバー - コピー (3)-OCWZZmFt.webp                                                                                                                                                                     [39m[1m[2m   52.87 kB[22m[1m[22m
[2mdist/[22m[32massets/神官-DkQQ_CJ0.webp                                                                                                                                                                                   [39m[1m[2m   52.92 kB[22m[1m[22m
[2mdist/[22m[32massets/闇溜め-BnBMZfzr.webp                                                                                                                                                                                  [39m[1m[2m   53.00 kB[22m[1m[22m
[2mdist/[22m[32massets/ワイト-DZaFQTV5.webp                                                                                                                                                                                  [39m[1m[2m   53.33 kB[22m[1m[22m
[2mdist/[22m[32massets/ゾンビ-CHTM_YPC.webp                                                                                                                                                                                  [39m[1m[2m   53.98 kB[22m[1m[22m
[2mdist/[22m[32massets/雷全体-B5B5nxRu.webp                                                                                                                                                                                  [39m[1m[2m   54.35 kB[22m[1m[22m
[2mdist/[22m[32massets/ラット-BJzGYary.webp                                                                                                                                                                                  [39m[1m[2m   54.63 kB[22m[1m[22m
[2mdist/[22m[32massets/メニューを開く5-CGRnIXD4.mp3                                                                                                                                                                              [39m[1m[2m   54.87 kB[22m[1m[22m
[2mdist/[22m[32massets/天使の矢-ByUeBndU.webp                                                                                                                                                                                 [39m[1m[2m   55.44 kB[22m[1m[22m
[2mdist/[22m[32massets/アーマードデヴィル-B8wSdkRy.webp                                                                                                                                                                            [39m[1m[2m   55.51 kB[22m[1m[22m
[2mdist/[22m[32massets/武士の戦士-DYp7zPY_.webp                                                                                                                                                                                [39m[1m[2m   55.74 kB[22m[1m[22m
[2mdist/[22m[32massets/フェンサー-C9BidBDs.webp                                                                                                                                                                                [39m[1m[2m   56.10 kB[22m[1m[22m
[2mdist/[22m[32massets/エレファント-Za0aAc3C.webp                                                                                                                                                                               [39m[1m[2m   56.34 kB[22m[1m[22m
[2mdist/[22m[32massets/ライター点火-DYIbfxQh.mp3                                                                                                                                                                                [39m[1m[2m   56.42 kB[22m[1m[22m
[2mdist/[22m[32massets/インプ-YWjTZ3FY.webp                                                                                                                                                                                  [39m[1m[2m   56.63 kB[22m[1m[22m
[2mdist/[22m[32massets/雷の槍-DHG6RAF4.webp                                                                                                                                                                                  [39m[1m[2m   56.63 kB[22m[1m[22m
[2mdist/[22m[32massets/時計-C1D2-Zr1.webp                                                                                                                                                                                   [39m[1m[2m   57.31 kB[22m[1m[22m
[2mdist/[22m[32massets/爆裂--al5lYWK.webp                                                                                                                                                                                   [39m[1m[2m   57.33 kB[22m[1m[22m
[2mdist/[22m[32massets/ゴースト-B9HPFL1r.webp                                                                                                                                                                                 [39m[1m[2m   58.29 kB[22m[1m[22m
[2mdist/[22m[32massets/アーチャー-CifePcDk.webp                                                                                                                                                                                [39m[1m[2m   58.60 kB[22m[1m[22m
[2mdist/[22m[32massets/ネクロマンサー-H6h-PWA9.webp                                                                                                                                                                              [39m[1m[2m   58.65 kB[22m[1m[22m
[2mdist/[22m[32massets/ニーデル-bNescI-6.webp                                                                                                                                                                                 [39m[1m[2m   58.72 kB[22m[1m[22m
[2mdist/[22m[32massets/ユニコーン-CnXHWnPL.webp                                                                                                                                                                                [39m[1m[2m   59.53 kB[22m[1m[22m
[2mdist/[22m[32massets/バイコーン-7Ogfrhzo.webp                                                                                                                                                                                [39m[1m[2m   59.60 kB[22m[1m[22m
[2mdist/[22m[32massets/グレートホース-kXDmXVIC.webp                                                                                                                                                                              [39m[1m[2m   60.15 kB[22m[1m[22m
[2mdist/[22m[32massets/決定ボタンを押す10-DXa6_s6l.mp3                                                                                                                                                                            [39m[1m[2m   60.40 kB[22m[1m[22m
[2mdist/[22m[32massets/ボーンデヴィル-homlo1cN.webp                                                                                                                                                                              [39m[1m[2m   60.44 kB[22m[1m[22m
[2mdist/[22m[32massets/ヘルハウンド-CmEPswcJ.webp                                                                                                                                                                               [39m[1m[2m   60.55 kB[22m[1m[22m
[2mdist/[22m[32massets/lobokira-LHCDW_LS.mp3                                                                                                                                                                              [39m[1m[2m   61.02 kB[22m[1m[22m
[2mdist/[22m[32massets/ローグ-UXZvjgTi.webp                                                                                                                                                                                  [39m[1m[2m   61.51 kB[22m[1m[22m
[2mdist/[22m[32massets/ナイト-BIp5ot0f.webp                                                                                                                                                                                  [39m[1m[2m   61.64 kB[22m[1m[22m
[2mdist/[22m[32massets/メッセンジャー-YXPo-i68.webp                                                                                                                                                                              [39m[1m[2m   61.79 kB[22m[1m[22m
[2mdist/[22m[32massets/全体治癒-CITEemCg.webp                                                                                                                                                                                 [39m[1m[2m   61.86 kB[22m[1m[22m
[2mdist/[22m[32massets/ウォーウィザード-CyzIDO5c.webp                                                                                                                                                                             [39m[1m[2m   62.20 kB[22m[1m[22m
[2mdist/[22m[32massets/モンク-C3_ONZdw.webp                                                                                                                                                                                  [39m[1m[2m   62.94 kB[22m[1m[22m
[2mdist/[22m[32massets/怨霊-Dv2QUtPQ.webp                                                                                                                                                                                   [39m[1m[2m   63.40 kB[22m[1m[22m
[2mdist/[22m[32massets/骸骨兵-D_CryvoN.webp                                                                                                                                                                                  [39m[1m[2m   63.88 kB[22m[1m[22m
[2mdist/[22m[32massets/冷気光線-DhC1yx_M.webp                                                                                                                                                                                 [39m[1m[2m   64.39 kB[22m[1m[22m
[2mdist/[22m[32massets/マイナー-CvPvEPVZ.webp                                                                                                                                                                                 [39m[1m[2m   64.41 kB[22m[1m[22m
[2mdist/[22m[32massets/イーグル-CZb_2gsT.webp                                                                                                                                                                                 [39m[1m[2m   64.56 kB[22m[1m[22m
[2mdist/[22m[32massets/ヘルパー-DSNk2mnn.webp                                                                                                                                                                                 [39m[1m[2m   65.09 kB[22m[1m[22m
[2mdist/[22m[32massets/タイガー-CpGFtG-S.webp                                                                                                                                                                                 [39m[1m[2m   65.10 kB[22m[1m[22m
[2mdist/[22m[32massets/十字架-D_606MZi.webp                                                                                                                                                                                  [39m[1m[2m   65.20 kB[22m[1m[22m
[2mdist/[22m[32massets/ゴブリンスニーク-BxBDtsMB.webp                                                                                                                                                                             [39m[1m[2m   66.59 kB[22m[1m[22m
[2mdist/[22m[32massets/エンジェル-G42EFxnD.webp                                                                                                                                                                                [39m[1m[2m   66.86 kB[22m[1m[22m
[2mdist/[22m[32massets/大砲2-Cb3GVrfc.mp3                                                                                                                                                                                   [39m[1m[2m   67.08 kB[22m[1m[22m
[2mdist/[22m[32massets/ファイター-CuRgqOrO.webp                                                                                                                                                                                [39m[1m[2m   67.31 kB[22m[1m[22m
[2mdist/[22m[32massets/ソフィア-DyuevV_W.webp                                                                                                                                                                                 [39m[1m[2m   68.06 kB[22m[1m[22m
[2mdist/[22m[32massets/クレリック-BeVos2eg.webp                                                                                                                                                                                [39m[1m[2m   68.10 kB[22m[1m[22m
[2mdist/[22m[32massets/パソコンの電源を切る-C71N3dT7.mp3                                                                                                                                                                            [39m[1m[2m   68.34 kB[22m[1m[22m
[2mdist/[22m[32massets/銃撃3発-CZEASvzU.webp                                                                                                                                                                                 [39m[1m[2m   68.36 kB[22m[1m[22m
[2mdist/[22m[32massets/ビルダー-DZkBwVWE.webp                                                                                                                                                                                 [39m[1m[2m   68.37 kB[22m[1m[22m
[2mdist/[22m[32massets/炎の壁-D_56W_1Z.webp                                                                                                                                                                                  [39m[1m[2m   68.61 kB[22m[1m[22m
[2mdist/[22m[32massets/movie-type-6LpCn75T.mp3                                                                                                                                                                            [39m[1m[2m   68.77 kB[22m[1m[22m
[2mdist/[22m[32massets/転移-B1L4dsYX.webp                                                                                                                                                                                   [39m[1m[2m   69.58 kB[22m[1m[22m
[2mdist/[22m[32massets/デスィード-CuoJlYvb.webp                                                                                                                                                                                [39m[1m[2m   69.63 kB[22m[1m[22m
[2mdist/[22m[32massets/闇の槍-68CegnKT.webp                                                                                                                                                                                  [39m[1m[2m   69.65 kB[22m[1m[22m
[2mdist/[22m[32massets/アークデヴィル-DAzFHDqI.webp                                                                                                                                                                              [39m[1m[2m   70.13 kB[22m[1m[22m
[2mdist/[22m[32massets/パイソンホール-CfMl9JW-.webp                                                                                                                                                                              [39m[1m[2m   70.21 kB[22m[1m[22m
[2mdist/[22m[32massets/ラッシュベア-DEQVHxqw.webp                                                                                                                                                                               [39m[1m[2m   70.66 kB[22m[1m[22m
[2mdist/[22m[32massets/十字架降りてくる-Dy_lVWo_.webp                                                                                                                                                                             [39m[1m[2m   70.70 kB[22m[1m[22m
[2mdist/[22m[32massets/ポイズンラッド-soO-gRDu.webp                                                                                                                                                                              [39m[1m[2m   71.40 kB[22m[1m[22m
[2mdist/[22m[32massets/ベア-BDvEM1vK.webp                                                                                                                                                                                   [39m[1m[2m   72.86 kB[22m[1m[22m
[2mdist/[22m[32massets/ファントム-Cri0Cu_o.webp                                                                                                                                                                                [39m[1m[2m   72.87 kB[22m[1m[22m
[2mdist/[22m[32massets/ファーマー-THVOfZ1e.webp                                                                                                                                                                                [39m[1m[2m   72.90 kB[22m[1m[22m
[2mdist/[22m[32massets/デヴィル--9yHnGM1.webp                                                                                                                                                                                 [39m[1m[2m   72.94 kB[22m[1m[22m
[2mdist/[22m[32massets/ブラキオサウルス-BkSMLzlh.webp                                                                                                                                                                             [39m[1m[2m   73.01 kB[22m[1m[22m
[2mdist/[22m[32massets/デスナイト-DBNptGQ6.webp                                                                                                                                                                                [39m[1m[2m   73.10 kB[22m[1m[22m
[2mdist/[22m[32massets/ニア_ヴェステリア-CchzoeEn.webp                                                                                                                                                                            [39m[1m[2m   74.80 kB[22m[1m[22m
[2mdist/[22m[32massets/十字架上がる-BXu-TQE-.webp                                                                                                                                                                               [39m[1m[2m   75.38 kB[22m[1m[22m
[2mdist/[22m[32massets/ゼブブ-D8WhFzoE.webp                                                                                                                                                                                  [39m[1m[2m   75.63 kB[22m[1m[22m
[2mdist/[22m[32massets/ウィザード-rEGpRKHD.webp                                                                                                                                                                                [39m[1m[2m   76.17 kB[22m[1m[22m
[2mdist/[22m[32massets/氷全体-BVppbbvf.webp                                                                                                                                                                                  [39m[1m[2m   76.59 kB[22m[1m[22m
[2mdist/[22m[32massets/スケルトン-GZbMJCzA.webp                                                                                                                                                                                [39m[1m[2m   76.79 kB[22m[1m[22m
[2mdist/[22m[32massets/高速詠唱-ClN506g2.webp                                                                                                                                                                                 [39m[1m[2m   77.55 kB[22m[1m[22m
[2mdist/[22m[32massets/光広がる (2)-Cd3SZczu.webp                                                                                                                                                                             [39m[1m[2m   77.65 kB[22m[1m[22m
[2mdist/[22m[32massets/入力ホーム-CtGRHAEK.jpg                                                                                                                                                                                 [39m[1m[2m   78.28 kB[22m[1m[22m
[2mdist/[22m[32massets/電撃-BZY__g1f.webp                                                                                                                                                                                   [39m[1m[2m   78.41 kB[22m[1m[22m
[2mdist/[22m[32massets/ハウンド-BOuA-pVK.webp                                                                                                                                                                                 [39m[1m[2m   78.85 kB[22m[1m[22m
[2mdist/[22m[32massets/デュラハン-CoTfzO6z.webp                                                                                                                                                                                [39m[1m[2m   79.07 kB[22m[1m[22m
[2mdist/[22m[32massets/デスジェネラル-BPCfNN_z.webp                                                                                                                                                                              [39m[1m[2m   79.15 kB[22m[1m[22m
[2mdist/[22m[32massets/尾攻撃-BfJNFUZw.webp                                                                                                                                                                                  [39m[1m[2m   79.18 kB[22m[1m[22m
[2mdist/[22m[32massets/アーチエンジェル-BLSBg9Hm.webp                                                                                                                                                                             [39m[1m[2m   79.23 kB[22m[1m[22m
[2mdist/[22m[32massets/捕獲用ドローン-WFo8L_V_.webp                                                                                                                                                                              [39m[1m[2m   79.77 kB[22m[1m[22m
[2mdist/[22m[32massets/エンジェルルナ-DrfiiCZk.webp                                                                                                                                                                              [39m[1m[2m   79.92 kB[22m[1m[22m
[2mdist/[22m[32massets/骸骨戦士-B8f5X3oJ.webp                                                                                                                                                                                 [39m[1m[2m   79.94 kB[22m[1m[22m
[2mdist/[22m[32massets/ベルジェル-_2mUJuwg.webp                                                                                                                                                                                [39m[1m[2m   80.56 kB[22m[1m[22m
[2mdist/[22m[32massets/切り上げ-B2RUqkpC.webp                                                                                                                                                                                 [39m[1m[2m   81.09 kB[22m[1m[22m
[2mdist/[22m[32massets/ゴブリン-CtRZfIoY.webp                                                                                                                                                                                 [39m[1m[2m   81.48 kB[22m[1m[22m
[2mdist/[22m[32massets/転移門-BIKK_V2t.webp                                                                                                                                                                                  [39m[1m[2m   82.13 kB[22m[1m[22m
[2mdist/[22m[32massets/爆発1-Cahn8k5w.mp3                                                                                                                                                                                   [39m[1m[2m   82.13 kB[22m[1m[22m
[2mdist/[22m[32massets/プリンシパリティ_ヴィーナス-CCD_QZra.webp                                                                                                                                                                       [39m[1m[2m   82.25 kB[22m[1m[22m
[2mdist/[22m[32massets/ゴブリンスカウト-DNhgYBpv.webp                                                                                                                                                                             [39m[1m[2m   82.47 kB[22m[1m[22m
[2mdist/[22m[32massets/光の昇る存在-Jy6HDZbo.webp                                                                                                                                                                               [39m[1m[2m   83.56 kB[22m[1m[22m
[2mdist/[22m[32massets/堕落の刃-BzFgcQGw.webp                                                                                                                                                                                 [39m[1m[2m   83.66 kB[22m[1m[22m
[2mdist/[22m[32massets/スネーク-BqpeD_T_.webp                                                                                                                                                                                 [39m[1m[2m   83.70 kB[22m[1m[22m
[2mdist/[22m[32massets/巨大シャッターが開く-CT9w2OwD.mp3                                                                                                                                                                            [39m[1m[2m   83.76 kB[22m[1m[22m
[2mdist/[22m[32massets/シャドウ-removebg-preview-qkCbOply.webp                                                                                                                                                                [39m[1m[2m   84.07 kB[22m[1m[22m
[2mdist/[22m[32massets/オーガボス-CuMNyj7-.webp                                                                                                                                                                                [39m[1m[2m   84.77 kB[22m[1m[22m
[2mdist/[22m[32massets/光の上昇-lggPbqCw.webp                                                                                                                                                                                 [39m[1m[2m   84.86 kB[22m[1m[22m
[2mdist/[22m[32massets/オーガメイジ-DAlQ_t4Y.webp                                                                                                                                                                               [39m[1m[2m   84.89 kB[22m[1m[22m
[2mdist/[22m[32massets/ロケットランチャー-jckRami5.mp3                                                                                                                                                                             [39m[1m[2m   85.25 kB[22m[1m[22m
[2mdist/[22m[32massets/電気-BwwHVHmf.webp                                                                                                                                                                                   [39m[1m[2m   85.41 kB[22m[1m[22m
[2mdist/[22m[32massets/火炎魔法2-CnS9ieD3.mp3                                                                                                                                                                                 [39m[1m[2m   85.89 kB[22m[1m[22m
[2mdist/[22m[32massets/羽赫2-B-IiXdmt.webp                                                                                                                                                                                  [39m[1m[2m   85.96 kB[22m[1m[22m
[2mdist/[22m[32massets/クイーン-DNHUnkDJ.webp                                                                                                                                                                                 [39m[1m[2m   86.36 kB[22m[1m[22m
[2mdist/[22m[32massets/断罪の悪魔-DYFLjdWQ.webp                                                                                                                                                                                [39m[1m[2m   86.89 kB[22m[1m[22m
[2mdist/[22m[32massets/魔眼-BMMdcNUp.webp                                                                                                                                                                                   [39m[1m[2m   87.00 kB[22m[1m[22m
[2mdist/[22m[32massets/風突風-DpSGk_rq.webp                                                                                                                                                                                  [39m[1m[2m   87.47 kB[22m[1m[22m
[2mdist/[22m[32massets/ソウルイーター-CDbb-uEZ.webp                                                                                                                                                                              [39m[1m[2m   87.49 kB[22m[1m[22m
[2mdist/[22m[32massets/狩人-CMxMV2dL.webp                                                                                                                                                                                   [39m[1m[2m   87.75 kB[22m[1m[22m
[2mdist/[22m[32massets/電弧-CerFu1qW.webp                                                                                                                                                                                   [39m[1m[2m   87.85 kB[22m[1m[22m
[2mdist/[22m[32massets/アークマーキュリー-BNN7VL1x.webp                                                                                                                                                                            [39m[1m[2m   87.89 kB[22m[1m[22m
[2mdist/[22m[32massets/射撃4-BEo2QARt.webp                                                                                                                                                                                  [39m[1m[2m   87.91 kB[22m[1m[22m
[2mdist/[22m[32massets/アイスデヴィル-BJXsWmf1.webp                                                                                                                                                                              [39m[1m[2m   87.97 kB[22m[1m[22m
[2mdist/[22m[32massets/第二世代-BOwknLb7.webp                                                                                                                                                                                 [39m[1m[2m   88.08 kB[22m[1m[22m
[2mdist/[22m[32massets/オーガ-C_tY6CCk.webp                                                                                                                                                                                  [39m[1m[2m   88.11 kB[22m[1m[22m
[2mdist/[22m[32massets/蛮族オーガ-CgTAVJIm.webp                                                                                                                                                                                [39m[1m[2m   88.51 kB[22m[1m[22m
[2mdist/[22m[32massets/セレス-QtU6TEpC.webp                                                                                                                                                                                  [39m[1m[2m   88.84 kB[22m[1m[22m
[2mdist/[22m[32massets/ガスト-tKAMpRWJ.webp                                                                                                                                                                                  [39m[1m[2m   89.14 kB[22m[1m[22m
[2mdist/[22m[32massets/治癒-BxUwQ8kG.webp                                                                                                                                                                                   [39m[1m[2m   89.18 kB[22m[1m[22m
[2mdist/[22m[32massets/アークエンジェル-Bg3t9smH.webp                                                                                                                                                                             [39m[1m[2m   89.34 kB[22m[1m[22m
[2mdist/[22m[32massets/リッチ-DmYf53Wu.webp                                                                                                                                                                                  [39m[1m[2m   90.43 kB[22m[1m[22m
[2mdist/[22m[32massets/岩全体-qn9RmuWL.webp                                                                                                                                                                                  [39m[1m[2m   90.57 kB[22m[1m[22m
[2mdist/[22m[32massets/レイブン-Q_h-PAOI.webp                                                                                                                                                                                 [39m[1m[2m   91.07 kB[22m[1m[22m
[2mdist/[22m[32massets/ゴブリンボマー--cBTbjDX.webp                                                                                                                                                                              [39m[1m[2m   91.10 kB[22m[1m[22m
[2mdist/[22m[32massets/ホーリーナイト-bPdgmbg6.webp                                                                                                                                                                              [39m[1m[2m   91.10 kB[22m[1m[22m
[2mdist/[22m[32massets/制作-D9HljSsI.webp                                                                                                                                                                                   [39m[1m[2m   92.02 kB[22m[1m[22m
[2mdist/[22m[32massets/翼の進化-DirxOubU.webp                                                                                                                                                                                 [39m[1m[2m   92.68 kB[22m[1m[22m
[2mdist/[22m[32massets/霜下ろし-D0EWU0Mh.webp                                                                                                                                                                                 [39m[1m[2m   93.07 kB[22m[1m[22m
[2mdist/[22m[32massets/セレス機体-zX9Cwed0.webp                                                                                                                                                                                [39m[1m[2m   93.25 kB[22m[1m[22m
[2mdist/[22m[32massets/マイクノイズ-DiBwwI6i.mp3                                                                                                                                                                                [39m[1m[2m   93.34 kB[22m[1m[22m
[2mdist/[22m[32massets/ドレッチ-Mi22JhVQ.webp                                                                                                                                                                                 [39m[1m[2m   94.37 kB[22m[1m[22m
[2mdist/[22m[32massets/雷5-DRYPgmpW.webp                                                                                                                                                                                   [39m[1m[2m   94.59 kB[22m[1m[22m
[2mdist/[22m[32massets/吹雪-ox3ELYSN.webp                                                                                                                                                                                   [39m[1m[2m   94.82 kB[22m[1m[22m
[2mdist/[22m[32massets/こんどう-D7He62bn.webp                                                                                                                                                                                 [39m[1m[2m   94.88 kB[22m[1m[22m
[2mdist/[22m[32massets/バルゴラ-Bwm58zSe.webp                                                                                                                                                                                 [39m[1m[2m   95.27 kB[22m[1m[22m
[2mdist/[22m[32massets/薔薇-08OL_IcB.webp                                                                                                                                                                                   [39m[1m[2m   95.45 kB[22m[1m[22m
[2mdist/[22m[32massets/チーン2-CxvSRA-E.mp3                                                                                                                                                                                  [39m[1m[2m   95.92 kB[22m[1m[22m
[2mdist/[22m[32massets/十字架が広がる-Dio9YyW9.webp                                                                                                                                                                              [39m[1m[2m   96.17 kB[22m[1m[22m
[2mdist/[22m[32massets/ゴブリンボス-BXFGk7mF.webp                                                                                                                                                                               [39m[1m[2m   97.22 kB[22m[1m[22m
[2mdist/[22m[32massets/黒穴-DoFWV-jN.webp                                                                                                                                                                                   [39m[1m[2m   97.28 kB[22m[1m[22m
[2mdist/[22m[32massets/クイーンビー-e_6No-2T.webp                                                                                                                                                                               [39m[1m[2m   97.73 kB[22m[1m[22m
[2mdist/[22m[32massets/氷魔法で凍結-A6KjHoO2.mp3                                                                                                                                                                                [39m[1m[2m   98.18 kB[22m[1m[22m
[2mdist/[22m[32massets/レイジオーガ-CAlBbmPb.webp                                                                                                                                                                               [39m[1m[2m   98.18 kB[22m[1m[22m
[2mdist/[22m[32massets/酸の爆発-BCpNNCvl.webp                                                                                                                                                                                 [39m[1m[2m   98.62 kB[22m[1m[22m
[2mdist/[22m[32massets/炎が広がる-wl78bPMY.webp                                                                                                                                                                                [39m[1m[2m   98.66 kB[22m[1m[22m
[2mdist/[22m[32massets/金貨-BVLmSKEY.webp                                                                                                                                                                                   [39m[1m[2m   98.90 kB[22m[1m[22m
[2mdist/[22m[32massets/レディエント-CePaKlXf.webp                                                                                                                                                                               [39m[1m[2m   99.20 kB[22m[1m[22m
[2mdist/[22m[32massets/ヘブンランサー-DNTQDWJc.webp                                                                                                                                                                              [39m[1m[2m   99.47 kB[22m[1m[22m
[2mdist/[22m[32massets/冷気放射-Zgmjbby6.webp                                                                                                                                                                                 [39m[1m[2m   99.86 kB[22m[1m[22m
[2mdist/[22m[32massets/刃のブラキオサウルス-BVRTc6Ii.webp                                                                                                                                                                           [39m[1m[2m   99.89 kB[22m[1m[22m
[2mdist/[22m[32massets/連鎖する電撃-ZS6UzT84.webp                                                                                                                                                                               [39m[1m[2m  100.15 kB[22m[1m[22m
[2mdist/[22m[32massets/スレイブ (新)-mnbufLVF.webp                                                                                                                                                                             [39m[1m[2m  100.33 kB[22m[1m[22m
[2mdist/[22m[32massets/大治癒-CG9b6A1P.webp                                                                                                                                                                                  [39m[1m[2m  100.36 kB[22m[1m[22m
[2mdist/[22m[32massets/コウメイ-CW_2yxR-.webp                                                                                                                                                                                 [39m[1m[2m  100.75 kB[22m[1m[22m
[2mdist/[22m[32massets/パワードコロナティック-BzHeeKGI.webp                                                                                                                                                                          [39m[1m[2m  101.32 kB[22m[1m[22m
[2mdist/[22m[32massets/ChatGPT Image 2025年5月23日 17_48_30-DOjY80GE.webp                                                                                                                                                    [39m[1m[2m  101.33 kB[22m[1m[22m
[2mdist/[22m[32massets/魔法陣-DXusK35c.webp                                                                                                                                                                                  [39m[1m[2m  102.02 kB[22m[1m[22m
[2mdist/[22m[32massets/メロディ-DotKU0Oz.webp                                                                                                                                                                                 [39m[1m[2m  103.49 kB[22m[1m[22m
[2mdist/[22m[32massets/ロケットボム-BpJeA7WY.webp                                                                                                                                                                               [39m[1m[2m  103.82 kB[22m[1m[22m
[2mdist/[22m[32massets/ピュリファイア_ジルク-RrETEU-J.webp                                                                                                                                                                          [39m[1m[2m  105.43 kB[22m[1m[22m
[2mdist/[22m[32massets/蜂-DHkDnJpT.webp                                                                                                                                                                                    [39m[1m[2m  105.44 kB[22m[1m[22m
[2mdist/[22m[32massets/氷葬-DdhziA8O.webp                                                                                                                                                                                   [39m[1m[2m  106.18 kB[22m[1m[22m
[2mdist/[22m[32massets/シャドウ-DJiqrFuj.webp                                                                                                                                                                                 [39m[1m[2m  106.31 kB[22m[1m[22m
[2mdist/[22m[32massets/昇天の加護-BrNjLcT_.webp                                                                                                                                                                                [39m[1m[2m  106.69 kB[22m[1m[22m
[2mdist/[22m[32massets/毒霧-CQRclPa2.webp                                                                                                                                                                                   [39m[1m[2m  107.32 kB[22m[1m[22m
[2mdist/[22m[32massets/牙の進化-BdThsKai.webp                                                                                                                                                                                 [39m[1m[2m  108.05 kB[22m[1m[22m
[2mdist/[22m[32massets/天の導き-TvOyUKaG.webp                                                                                                                                                                                 [39m[1m[2m  108.48 kB[22m[1m[22m
[2mdist/[22m[32massets/召喚-BRI5Ufny.webp                                                                                                                                                                                   [39m[1m[2m  109.27 kB[22m[1m[22m
[2mdist/[22m[32massets/爪の進化-DvwIXxZ2.webp                                                                                                                                                                                 [39m[1m[2m  110.27 kB[22m[1m[22m
[2mdist/[22m[32massets/default-race-7IzXflkj.webp                                                                                                                                                                         [39m[1m[2m  110.72 kB[22m[1m[22m
[2mdist/[22m[32massets/第四世代-DbZwIQee.webp                                                                                                                                                                                 [39m[1m[2m  111.00 kB[22m[1m[22m
[2mdist/[22m[32massets/水波-M7M2NhbK.webp                                                                                                                                                                                   [39m[1m[2m  111.45 kB[22m[1m[22m
[2mdist/[22m[32massets/ウルフ-DfCMk2Rt.webp                                                                                                                                                                                  [39m[1m[2m  111.82 kB[22m[1m[22m
[2mdist/[22m[32massets/限界突破-UU90_orv.webp                                                                                                                                                                                 [39m[1m[2m  113.41 kB[22m[1m[22m
[2mdist/[22m[32massets/第三世代-C5Z5m8vK.webp                                                                                                                                                                                 [39m[1m[2m  114.94 kB[22m[1m[22m
[2mdist/[22m[32massets/爆裂-B_zS1WrK.webp                                                                                                                                                                                   [39m[1m[2m  115.04 kB[22m[1m[22m
[2mdist/[22m[32massets/魔法解除-BXCz4wBT.webp                                                                                                                                                                                 [39m[1m[2m  115.42 kB[22m[1m[22m
[2mdist/[22m[32massets/スレイブ-BFcU2gHw.webp                                                                                                                                                                                 [39m[1m[2m  117.09 kB[22m[1m[22m
[2mdist/[22m[32massets/落雷-BjvHu87-.webp                                                                                                                                                                                   [39m[1m[2m  117.29 kB[22m[1m[22m
[2mdist/[22m[32massets/魔獣の王-DbPChIBV.webp                                                                                                                                                                                 [39m[1m[2m  117.41 kB[22m[1m[22m
[2mdist/[22m[32massets/尾の進化-yj0R9ehn.webp                                                                                                                                                                                 [39m[1m[2m  117.47 kB[22m[1m[22m
[2mdist/[22m[32massets/魔獣の女王-UAHNoLdc.webp                                                                                                                                                                                [39m[1m[2m  117.86 kB[22m[1m[22m
[2mdist/[22m[32massets/クルーツェル-DC5XmcYM.webp                                                                                                                                                                               [39m[1m[2m  118.01 kB[22m[1m[22m
[2mdist/[22m[32massets/斬撃雨-gmCUoAUq.webp                                                                                                                                                                                  [39m[1m[2m  119.79 kB[22m[1m[22m
[2mdist/[22m[32massets/羽赫-DSRWP59_.webp                                                                                                                                                                                   [39m[1m[2m  121.22 kB[22m[1m[22m
[2mdist/[22m[32massets/召喚陣-6VVH2DOI.webp                                                                                                                                                                                  [39m[1m[2m  121.64 kB[22m[1m[22m
[2mdist/[22m[32massets/十字架収束-m5wWx2rW.webp                                                                                                                                                                                [39m[1m[2m  122.18 kB[22m[1m[22m
[2mdist/[22m[32massets/レイブンver3-CdLoaJO0.webp                                                                                                                                                                             [39m[1m[2m  122.96 kB[22m[1m[22m
[2mdist/[22m[32massets/ユーテェ-OCWqCD-S.webp                                                                                                                                                                                 [39m[1m[2m  123.05 kB[22m[1m[22m
[2mdist/[22m[32massets/次元の扉-CoaaQJUZ.webp                                                                                                                                                                                 [39m[1m[2m  123.18 kB[22m[1m[22m
[2mdist/[22m[32massets/仲介人-B33ROFCe.webp                                                                                                                                                                                  [39m[1m[2m  123.80 kB[22m[1m[22m
[2mdist/[22m[32massets/地獄の契約-BnuEPGfF.webp                                                                                                                                                                                [39m[1m[2m  124.08 kB[22m[1m[22m
[2mdist/[22m[32massets/ピュリファイア_ブランド-9Se29_V5.webp                                                                                                                                                                         [39m[1m[2m  124.09 kB[22m[1m[22m
[2mdist/[22m[32massets/覚醒3-BpCPBU9x.webp                                                                                                                                                                                  [39m[1m[2m  124.44 kB[22m[1m[22m
[2mdist/[22m[32massets/ブレイザーver (1)-CIyxEa5N.webp                                                                                                                                                                         [39m[1m[2m  126.07 kB[22m[1m[22m
[2mdist/[22m[32massets/ゼルバーグ-D6d2ujaN.webp                                                                                                                                                                                [39m[1m[2m  127.72 kB[22m[1m[22m
[2mdist/[22m[32massets/パソコンの電源を入れる-CqfeuWe5.mp3                                                                                                                                                                           [39m[1m[2m  127.93 kB[22m[1m[22m
[2mdist/[22m[32massets/状況調査-CUOOq1rt.webp                                                                                                                                                                                 [39m[1m[2m  128.32 kB[22m[1m[22m
[2mdist/[22m[32massets/要塞-Blhu45cX.webp                                                                                                                                                                                   [39m[1m[2m  131.10 kB[22m[1m[22m
[2mdist/[22m[32massets/天界の鐘-DNTd_Ge5.webp                                                                                                                                                                                 [39m[1m[2m  131.64 kB[22m[1m[22m
[2mdist/[22m[32massets/緊急依頼-DItO5SvC.webp                                                                                                                                                                                 [39m[1m[2m  131.65 kB[22m[1m[22m
[2mdist/[22m[32massets/ビーストの遺跡-BBci3RMb.webp                                                                                                                                                                              [39m[1m[2m  133.33 kB[22m[1m[22m
[2mdist/[22m[32massets/ピュリファイア_ガラン-DFx-ZUz2.webp                                                                                                                                                                          [39m[1m[2m  134.03 kB[22m[1m[22m
[2mdist/[22m[32massets/溶岩-tT_GvbgX.webp                                                                                                                                                                                   [39m[1m[2m  134.14 kB[22m[1m[22m
[2mdist/[22m[32massets/戦闘機上空通過1-BaSVvY59.mp3                                                                                                                                                                              [39m[1m[2m  134.79 kB[22m[1m[22m
[2mdist/[22m[32massets/斬撃囲い-B9EU56nV.webp                                                                                                                                                                                 [39m[1m[2m  135.33 kB[22m[1m[22m
[2mdist/[22m[32massets/徴兵令-B0t1RNKa.webp                                                                                                                                                                                  [39m[1m[2m  136.53 kB[22m[1m[22m
[2mdist/[22m[32massets/覚醒-CIH5bYFT.webp                                                                                                                                                                                   [39m[1m[2m  136.72 kB[22m[1m[22m
[2mdist/[22m[32massets/ブレイザーver (2)-BebVQIbi.webp                                                                                                                                                                         [39m[1m[2m  136.79 kB[22m[1m[22m
[2mdist/[22m[32massets/ボア-BIRel4rG.webp                                                                                                                                                                                   [39m[1m[2m  136.92 kB[22m[1m[22m
[2mdist/[22m[32massets/甲冑トリケラトプスの戦士-GZP7dV5h.webp                                                                                                                                                                         [39m[1m[2m  137.33 kB[22m[1m[22m
[2mdist/[22m[32massets/ブレイザー2-BglOOv1T.webp                                                                                                                                                                               [39m[1m[2m  137.75 kB[22m[1m[22m
[2mdist/[22m[32massets/魔獣化-D3T_MgGo.webp                                                                                                                                                                                  [39m[1m[2m  138.67 kB[22m[1m[22m
[2mdist/[22m[32massets/仮魔獣化-BFpCZWQ8.webp                                                                                                                                                                                 [39m[1m[2m  140.35 kB[22m[1m[22m
[2mdist/[22m[32massets/縄張り-BkRnB3Sj.webp                                                                                                                                                                                  [39m[1m[2m  140.56 kB[22m[1m[22m
[2mdist/[22m[32massets/T-REX-j2kCSIzo.webp                                                                                                                                                                                [39m[1m[2m  140.97 kB[22m[1m[22m
[2mdist/[22m[32massets/弾幕2-DObl3i4x.webp                                                                                                                                                                                  [39m[1m[2m  141.26 kB[22m[1m[22m
[2mdist/[22m[32massets/格闘家-CSEYJTW7.webp                                                                                                                                                                                  [39m[1m[2m  141.29 kB[22m[1m[22m
[2mdist/[22m[32massets/獄炎の槍-DCLiFBV5.webp                                                                                                                                                                                 [39m[1m[2m  141.31 kB[22m[1m[22m
[2mdist/[22m[32massets/砂嵐-DZa1Y5US.webp                                                                                                                                                                                   [39m[1m[2m  141.76 kB[22m[1m[22m
[2mdist/[22m[32massets/酸爆発-hXvJ8gbb.webp                                                                                                                                                                                  [39m[1m[2m  142.23 kB[22m[1m[22m
[2mdist/[22m[32massets/狩人1-6b4GU7AU.webp                                                                                                                                                                                  [39m[1m[2m  142.35 kB[22m[1m[22m
[2mdist/[22m[32massets/ブレイザーver (3)-CHjVdtPK.webp                                                                                                                                                                         [39m[1m[2m  142.45 kB[22m[1m[22m
[2mdist/[22m[32massets/全体雷-4Uru57tD.webp                                                                                                                                                                                  [39m[1m[2m  143.43 kB[22m[1m[22m
[2mdist/[22m[32massets/炎の雨-DqKrntDP.webp                                                                                                                                                                                  [39m[1m[2m  143.58 kB[22m[1m[22m
[2mdist/[22m[32massets/斬撃の雨-DXAfDpjJ.webp                                                                                                                                                                                 [39m[1m[2m  144.04 kB[22m[1m[22m
[2mdist/[22m[32massets/ブレイザー-BqZt7p2x.webp                                                                                                                                                                                [39m[1m[2m  144.29 kB[22m[1m[22m
[2mdist/[22m[32massets/導く咆哮-C3QzKjZA.webp                                                                                                                                                                                 [39m[1m[2m  144.80 kB[22m[1m[22m
[2mdist/[22m[32massets/虹の波動-CJ8Kd55u.webp                                                                                                                                                                                 [39m[1m[2m  146.01 kB[22m[1m[22m
[2mdist/[22m[32massets/帰巣本能-CMPG0PPF.webp                                                                                                                                                                                 [39m[1m[2m  146.34 kB[22m[1m[22m
[2mdist/[22m[32massets/放たれた群れ-Z_UYs3ZL.webp                                                                                                                                                                               [39m[1m[2m  146.67 kB[22m[1m[22m
[2mdist/[22m[32massets/呼び寄せる咆哮-jzCpGAH9.webp                                                                                                                                                                              [39m[1m[2m  146.83 kB[22m[1m[22m
[2mdist/[22m[32massets/ChatGPT Image 2025年5月23日 18_29_53-W2YZmoUs.webp                                                                                                                                                    [39m[1m[2m  147.08 kB[22m[1m[22m
[2mdist/[22m[32massets/連続電撃ビーム-DigGWvvi.webp                                                                                                                                                                              [39m[1m[2m  147.27 kB[22m[1m[22m
[2mdist/[22m[32massets/雷鳴のプテラノドン-ColYupQ-.webp                                                                                                                                                                            [39m[1m[2m  148.06 kB[22m[1m[22m
[2mdist/[22m[32massets/レイヴン2-BBfxAyiV.webp                                                                                                                                                                                [39m[1m[2m  148.41 kB[22m[1m[22m
[2mdist/[22m[32massets/アンドロイド-DCc9H04d.webp                                                                                                                                                                               [39m[1m[2m  149.22 kB[22m[1m[22m
[2mdist/[22m[32massets/冒険準備-DYXzU9xe.webp                                                                                                                                                                                 [39m[1m[2m  149.79 kB[22m[1m[22m
[2mdist/[22m[32massets/呪いの覗き-DRpgU7CH.webp                                                                                                                                                                                [39m[1m[2m  149.84 kB[22m[1m[22m
[2mdist/[22m[32massets/乱射-xAZkXCyd.webp                                                                                                                                                                                   [39m[1m[2m  149.86 kB[22m[1m[22m
[2mdist/[22m[32massets/魔法研究-CXo1fl-R.webp                                                                                                                                                                                 [39m[1m[2m  150.21 kB[22m[1m[22m
[2mdist/[22m[32massets/教会-C3hf172W.webp                                                                                                                                                                                   [39m[1m[2m  151.32 kB[22m[1m[22m
[2mdist/[22m[32massets/二重化-CJ4gqWIY.webp                                                                                                                                                                                  [39m[1m[2m  152.01 kB[22m[1m[22m
[2mdist/[22m[32massets/キング-C25gAaOh.webp                                                                                                                                                                                  [39m[1m[2m  152.16 kB[22m[1m[22m
[2mdist/[22m[32massets/死者転帰-BpZ4ySPm.webp                                                                                                                                                                                 [39m[1m[2m  152.31 kB[22m[1m[22m
[2mdist/[22m[32massets/地獄の牢獄-DFtxB5NE.webp                                                                                                                                                                                [39m[1m[2m  153.87 kB[22m[1m[22m
[2mdist/[22m[32massets/死者召喚-D7HgcC9W.webp                                                                                                                                                                                 [39m[1m[2m  154.90 kB[22m[1m[22m
[2mdist/[22m[32massets/荒野の王-Modwvl5d.webp                                                                                                                                                                                 [39m[1m[2m  155.16 kB[22m[1m[22m
[2mdist/[22m[32massets/ルマティマ-DvLdFIxe.webp                                                                                                                                                                                [39m[1m[2m  155.48 kB[22m[1m[22m
[2mdist/[22m[32massets/激怒-DR-xtFrj.webp                                                                                                                                                                                   [39m[1m[2m  156.07 kB[22m[1m[22m
[2mdist/[22m[32massets/キャリバーver2-D1RriOOl.webp                                                                                                                                                                            [39m[1m[2m  156.69 kB[22m[1m[22m
[2mdist/[22m[32massets/契約召喚2-K2ZhXOI_.webp                                                                                                                                                                                [39m[1m[2m  156.81 kB[22m[1m[22m
[2mdist/[22m[32massets/流通所-s3k_k9Qt.webp                                                                                                                                                                                  [39m[1m[2m  157.40 kB[22m[1m[22m
[2mdist/[22m[32massets/薙ぎ払い-sHO_8MBq.webp                                                                                                                                                                                 [39m[1m[2m  158.40 kB[22m[1m[22m
[2mdist/[22m[32massets/不死-CAmsMq8f.webp                                                                                                                                                                                   [39m[1m[2m  159.25 kB[22m[1m[22m
[2mdist/[22m[32massets/灼熱の門-C_xIiIpo.webp                                                                                                                                                                                 [39m[1m[2m  159.40 kB[22m[1m[22m
[2mdist/[22m[32massets/羽赫放射-CsfYk_3B.webp                                                                                                                                                                                 [39m[1m[2m  160.12 kB[22m[1m[22m
[2mdist/[22m[32massets/王城-CMwNjl9v.webp                                                                                                                                                                                   [39m[1m[2m  160.66 kB[22m[1m[22m
[2mdist/[22m[32massets/堀-D9uiIui-.webp                                                                                                                                                                                    [39m[1m[2m  161.32 kB[22m[1m[22m
[2mdist/[22m[32massets/炎の枠-BvCA3SDr.webp                                                                                                                                                                                  [39m[1m[2m  161.83 kB[22m[1m[22m
[2mdist/[22m[32massets/死霊系-TdhWkq_t.webp                                                                                                                                                                                  [39m[1m[2m  161.95 kB[22m[1m[22m
[2mdist/[22m[32massets/腐敗の瘴気-BICD-SJv.webp                                                                                                                                                                                [39m[1m[2m  162.09 kB[22m[1m[22m
[2mdist/[22m[32massets/吹雪-pjpZpbB_.webp                                                                                                                                                                                   [39m[1m[2m  162.93 kB[22m[1m[22m
[2mdist/[22m[32massets/訓練所-CjjFz4lB.webp                                                                                                                                                                                  [39m[1m[2m  163.67 kB[22m[1m[22m
[2mdist/[22m[32massets/審判の門-DHVVDvlo.webp                                                                                                                                                                                 [39m[1m[2m  164.65 kB[22m[1m[22m
[2mdist/[22m[32massets/囲い切り-NJqd1rnh.webp                                                                                                                                                                                 [39m[1m[2m  164.99 kB[22m[1m[22m
[2mdist/[22m[32massets/聖なる広間-Dz8u095O.webp                                                                                                                                                                                [39m[1m[2m  165.03 kB[22m[1m[22m
[2mdist/[22m[32massets/冒険者ギルド-Dzy6DD9z.webp                                                                                                                                                                               [39m[1m[2m  165.86 kB[22m[1m[22m
[2mdist/[22m[32massets/天上の後光-__T8rlWJ.webp                                                                                                                                                                                [39m[1m[2m  165.93 kB[22m[1m[22m
[2mdist/[22m[32massets/死者の祭壇-DViqzy70.webp                                                                                                                                                                                [39m[1m[2m  166.65 kB[22m[1m[22m
[2mdist/[22m[32massets/霜下ろし-K6Td77u5.webp                                                                                                                                                                                 [39m[1m[2m  168.51 kB[22m[1m[22m
[2mdist/[22m[32massets/リコリス-CjFyWDFh.webp                                                                                                                                                                                 [39m[1m[2m  168.51 kB[22m[1m[22m
[2mdist/[22m[32massets/連続打撃2-DqgWgzc7.webp                                                                                                                                                                                [39m[1m[2m  168.70 kB[22m[1m[22m
[2mdist/[22m[32massets/砦-dVNvFxZi.webp                                                                                                                                                                                    [39m[1m[2m  171.03 kB[22m[1m[22m
[2mdist/[22m[32massets/サハクィエル_フェイク-TV-5WMsc.webp                                                                                                                                                                          [39m[1m[2m  171.52 kB[22m[1m[22m
[2mdist/[22m[32massets/第一世代-CIuf8gx-.webp                                                                                                                                                                                 [39m[1m[2m  172.98 kB[22m[1m[22m
[2mdist/[22m[32massets/進化-Bh9aIB--.webp                                                                                                                                                                                   [39m[1m[2m  176.29 kB[22m[1m[22m
[2mdist/[22m[32massets/現地調達-CGd8MdA2.webp                                                                                                                                                                                 [39m[1m[2m  177.51 kB[22m[1m[22m
[2mdist/[22m[32massets/契約召喚-CYJuXf2l.webp                                                                                                                                                                                 [39m[1m[2m  177.68 kB[22m[1m[22m
[2mdist/[22m[32massets/トリケラトプス-DzUNtZIV.webp                                                                                                                                                                              [39m[1m[2m  177.74 kB[22m[1m[22m
[2mdist/[22m[32massets/恐怖の監視塔-CT_Nbjv0.webp                                                                                                                                                                               [39m[1m[2m  178.08 kB[22m[1m[22m
[2mdist/[22m[32massets/825574__akelley6__robot-cry-ui-C__1mIIG.wav                                                                                                                                                        [39m[1m[2m  181.05 kB[22m[1m[22m
[2mdist/[22m[32massets/シールド-1N0xn-5q.webp                                                                                                                                                                                 [39m[1m[2m  182.20 kB[22m[1m[22m
[2mdist/[22m[32massets/転移空間接続-Iw15pCd3.webp                                                                                                                                                                               [39m[1m[2m  184.56 kB[22m[1m[22m
[2mdist/[22m[32massets/連続打撃-REe4ed3J.webp                                                                                                                                                                                 [39m[1m[2m  184.86 kB[22m[1m[22m
[2mdist/[22m[32massets/影の竜-CV9KJL1P.webp                                                                                                                                                                                  [39m[1m[2m  185.07 kB[22m[1m[22m
[2mdist/[22m[32massets/電気バチバチ-IfIbgNfP.mp3                                                                                                                                                                                [39m[1m[2m  185.57 kB[22m[1m[22m
[2mdist/[22m[32massets/光浄化-CiBbjJjq.webp                                                                                                                                                                                  [39m[1m[2m  185.88 kB[22m[1m[22m
[2mdist/[22m[32massets/死体操り-ADSdAjSS.webp                                                                                                                                                                                 [39m[1m[2m  186.88 kB[22m[1m[22m
[2mdist/[22m[32massets/レンジャー-CFWOt-G6.webp                                                                                                                                                                                [39m[1m[2m  188.95 kB[22m[1m[22m
[2mdist/[22m[32massets/スレイブ部隊2-ChjZvbKm.webp                                                                                                                                                                              [39m[1m[2m  189.64 kB[22m[1m[22m
[2mdist/[22m[32massets/alien-conversation-Cca7W-_z.mp3                                                                                                                                                                    [39m[1m[2m  190.37 kB[22m[1m[22m
[2mdist/[22m[32massets/キャリバー-CUATnP9s.webp                                                                                                                                                                                [39m[1m[2m  191.43 kB[22m[1m[22m
[2mdist/[22m[32massets/クロス切り6-CJM-Wm5g.webp                                                                                                                                                                               [39m[1m[2m  192.21 kB[22m[1m[22m
[2mdist/[22m[32massets/殺戮の雲-no4WRUqB.webp                                                                                                                                                                                 [39m[1m[2m  192.98 kB[22m[1m[22m
[2mdist/[22m[32massets/リバイラム-Cc-xBy4l.webp                                                                                                                                                                                [39m[1m[2m  193.17 kB[22m[1m[22m
[2mdist/[22m[32massets/ゼルバーグ-旧removebg-preview-IIlwjppV.webp                                                                                                                                                              [39m[1m[2m  198.23 kB[22m[1m[22m
[2mdist/[22m[32massets/ヘリコプター上空通過-DSUJVJJs.mp3                                                                                                                                                                            [39m[1m[2m  199.99 kB[22m[1m[22m
[2mdist/[22m[32massets/ビーム爆撃-DLiqRonw.webp                                                                                                                                                                                [39m[1m[2m  205.63 kB[22m[1m[22m
[2mdist/[22m[32massets/default-class-CWrNg-9s.webp                                                                                                                                                                        [39m[1m[2m  205.88 kB[22m[1m[22m
[2mdist/[22m[32massets/モリエール-C-I66FDi.webp                                                                                                                                                                                [39m[1m[2m  207.07 kB[22m[1m[22m
[2mdist/[22m[32massets/雷とどまる-z-6OMOd0.webp                                                                                                                                                                                [39m[1m[2m  212.97 kB[22m[1m[22m
[2mdist/[22m[32massets/嵐の塔-BGvnZ-lm.webp                                                                                                                                                                                  [39m[1m[2m  220.26 kB[22m[1m[22m
[2mdist/[22m[32massets/699850__8bitmyketison__cyber-robot-voice-DKSCa3iu.wav                                                                                                                                              [39m[1m[2m  220.72 kB[22m[1m[22m
[2mdist/[22m[32massets/冷気放射-By8eFRwf.webp                                                                                                                                                                                 [39m[1m[2m  223.48 kB[22m[1m[22m
[2mdist/[22m[32massets/闇の棘横に向かう-BUlc7344.webp                                                                                                                                                                             [39m[1m[2m  226.81 kB[22m[1m[22m
[2mdist/[22m[32massets/第五世代ver1-DelzYZ94.webp                                                                                                                                                                             [39m[1m[2m  228.24 kB[22m[1m[22m
[2mdist/[22m[32massets/剣3本落下-BxylkkFa.webp                                                                                                                                                                                [39m[1m[2m  228.34 kB[22m[1m[22m
[2mdist/[22m[32massets/凍結-BnBooPZ6.webp                                                                                                                                                                                   [39m[1m[2m  230.27 kB[22m[1m[22m
[2mdist/[22m[32massets/大都会-XPMfH11I.mp3                                                                                                                                                                                   [39m[1m[2m  233.34 kB[22m[1m[22m
[2mdist/[22m[32massets/闇の棘が広がる-DufibrtT.webp                                                                                                                                                                              [39m[1m[2m  238.84 kB[22m[1m[22m
[2mdist/[22m[32massets/飛行部隊-BA2Qj3rk.webp                                                                                                                                                                                 [39m[1m[2m  256.49 kB[22m[1m[22m
[2mdist/[22m[32massets/196905__ionicsmusic__race-robot-nitro-BqN4ocn0.wav                                                                                                                                                 [39m[1m[2m  256.69 kB[22m[1m[22m
[2mdist/[22m[32massets/第三世代強化体-DUf1Com-.webp                                                                                                                                                                              [39m[1m[2m  266.37 kB[22m[1m[22m
[2mdist/[22m[32massets/弾幕3-KfAu3y97.webp                                                                                                                                                                                  [39m[1m[2m  277.91 kB[22m[1m[22m
[2mdist/[22m[32massets/因果逆転-BakGQF2R.webp                                                                                                                                                                                 [39m[1m[2m  294.42 kB[22m[1m[22m
[2mdist/[22m[32massets/モールス信号-CnA7e18m.mp3                                                                                                                                                                                [39m[1m[2m  299.05 kB[22m[1m[22m
[2mdist/[22m[32massets/薔薇全体-D54814x6.webp                                                                                                                                                                                 [39m[1m[2m  299.39 kB[22m[1m[22m
[2mdist/[22m[32massets/負の跡地-C3MfZbK5.webp                                                                                                                                                                                 [39m[1m[2m  299.74 kB[22m[1m[22m
[2mdist/[22m[32massets/矢の雨-cLcITWOU.webp                                                                                                                                                                                  [39m[1m[2m  300.41 kB[22m[1m[22m
[2mdist/[22m[32massets/炎全体-DlwOTqW5.webp                                                                                                                                                                                  [39m[1m[2m  308.35 kB[22m[1m[22m
[2mdist/[22m[32massets/雷を結ぶ球 (2)-CIhOsC3-.webp                                                                                                                                                                            [39m[1m[2m  328.15 kB[22m[1m[22m
[2mdist/[22m[32massets/因果逆転2-C8iEovkP.webp                                                                                                                                                                                [39m[1m[2m  336.54 kB[22m[1m[22m
[2mdist/[22m[32massets/トランシーバーのノイズ-vfApm-0E.mp3                                                                                                                                                                           [39m[1m[2m  337.92 kB[22m[1m[22m
[2mdist/[22m[32massets/宿部屋-BgDoZ7lw.webp                                                                                                                                                                                  [39m[1m[2m  360.01 kB[22m[1m[22m
[2mdist/[22m[32massets/妨害電波-BreuOv-P.mp3                                                                                                                                                                                  [39m[1m[2m  362.02 kB[22m[1m[22m
[2mdist/[22m[32massets/薔薇が散る全体-DlxprU8q.webp                                                                                                                                                                              [39m[1m[2m  378.72 kB[22m[1m[22m
[2mdist/[22m[32massets/獣の森・水辺-DwUlgz6C.webp                                                                                                                                                                               [39m[1m[2m  389.87 kB[22m[1m[22m
[2mdist/[22m[32massets/水脈森-D-M3xrsL.webp                                                                                                                                                                                  [39m[1m[2m  390.81 kB[22m[1m[22m
[2mdist/[22m[32massets/ロボット研究所_廃墟-ppxK7HD7.webp                                                                                                                                                                           [39m[1m[2m  421.17 kB[22m[1m[22m
[2mdist/[22m[32massets/大鉱山-CGxyMLXM.webp                                                                                                                                                                                  [39m[1m[2m  443.02 kB[22m[1m[22m
[2mdist/[22m[32massets/炎レーザー爆発-0ZCXBWNw.webp                                                                                                                                                                              [39m[1m[2m  444.62 kB[22m[1m[22m
[2mdist/[22m[32massets/全体に謎の球-CqIFLKmH.webp                                                                                                                                                                               [39m[1m[2m  445.50 kB[22m[1m[22m
[2mdist/[22m[32massets/獣の森-r1OYumO5.webp                                                                                                                                                                                  [39m[1m[2m  450.75 kB[22m[1m[22m
[2mdist/[22m[32massets/海沿いの森-CiZe6JmY.webp                                                                                                                                                                                [39m[1m[2m  466.42 kB[22m[1m[22m
[2mdist/[22m[32massets/砂漠山-f9d_kHkK.webp                                                                                                                                                                                  [39m[1m[2m  467.27 kB[22m[1m[22m
[2mdist/[22m[32massets/DALL·E 2024-12-09 22.54.46 - A vertical pixel art in a retro monochrome style depicting a dark and narrow alleyway in a fantasy town. The scene features cobblestone paths_ wooden -B61d6RyO.webp  [39m[1m[2m  467.97 kB[22m[1m[22m
[2mdist/[22m[32massets/電弧-XFzOD2iB.webp                                                                                                                                                                                   [39m[1m[2m  471.19 kB[22m[1m[22m
[2mdist/[22m[32massets/room-BsQSpczz.webp                                                                                                                                                                                 [39m[1m[2m  473.87 kB[22m[1m[22m
[2mdist/[22m[32massets/全方位射撃-CcJ0O2D5.webp                                                                                                                                                                                [39m[1m[2m  478.47 kB[22m[1m[22m
[2mdist/[22m[32massets/電弧 (3)-CWvdUAJf.webp                                                                                                                                                                               [39m[1m[2m  488.96 kB[22m[1m[22m
[2mdist/[22m[32massets/蝶が広がる-CtI61j8o.webp                                                                                                                                                                                [39m[1m[2m  490.27 kB[22m[1m[22m
[2mdist/[22m[32massets/ビーム薙ぎ払い-B0Pi7OSG.webp                                                                                                                                                                              [39m[1m[2m  493.17 kB[22m[1m[22m
[2mdist/[22m[32massets/獣の森・沼地-DRVUZsGl.webp                                                                                                                                                                               [39m[1m[2m  495.02 kB[22m[1m[22m
[2mdist/[22m[32massets/大森林・中部-jYGBKK1J.webp                                                                                                                                                                               [39m[1m[2m  498.12 kB[22m[1m[22m
[2mdist/[22m[32massets/畑-DdzksG3h.webp                                                                                                                                                                                    [39m[1m[2m  504.11 kB[22m[1m[22m
[2mdist/[22m[32massets/room2-BVZMtNsO.webp                                                                                                                                                                                [39m[1m[2m  505.70 kB[22m[1m[22m
[2mdist/[22m[32massets/鉱脈入口-BgvJcGMP.webp                                                                                                                                                                                 [39m[1m[2m  516.94 kB[22m[1m[22m
[2mdist/[22m[32massets/ギルド-SrziFHsh.webp                                                                                                                                                                                  [39m[1m[2m  555.12 kB[22m[1m[22m
[2mdist/[22m[32massets/雷を結ぶ球-DfakDNjq.webp                                                                                                                                                                                [39m[1m[2m  567.41 kB[22m[1m[22m
[2mdist/[22m[32massets/DALL·E 2024-12-07 11.45.42 - A vertical pixel art in a retro monochrome style depicting a serene fantasy forest. The scene features tall_ ancient trees with intricate bark and a c-mDhgqvv6.webp  [39m[1m[2m  578.14 kB[22m[1m[22m
[2mdist/[22m[32massets/第2世代-BoV9tZ2D.webp                                                                                                                                                                                 [39m[1m[2m  603.09 kB[22m[1m[22m
[2mdist/[22m[32massets/水脈森1-CixKBHVf.webp                                                                                                                                                                                 [39m[1m[2m  614.04 kB[22m[1m[22m
[2mdist/[22m[32massets/capital-DvfDOQ3v.webp                                                                                                                                                                              [39m[1m[2m  628.63 kB[22m[1m[22m
[2mdist/[22m[32massets/第2世代_小型 -BQNhIK4c.webp                                                                                                                                                                             [39m[1m[2m  647.09 kB[22m[1m[22m
[2mdist/[22m[32massets/金貨大量-hO231vJk.webp                                                                                                                                                                                 [39m[1m[2m  675.25 kB[22m[1m[22m
[2mdist/[22m[32massets/町並み-Tav_rWqN.webp                                                                                                                                                                                  [39m[1m[2m  676.96 kB[22m[1m[22m
[2mdist/[22m[32massets/農村-DxrvogIZ.webp                                                                                                                                                                                   [39m[1m[2m  678.43 kB[22m[1m[22m
[2mdist/[22m[32massets/地下水路-DzY166as.webp                                                                                                                                                                                 [39m[1m[2m  691.86 kB[22m[1m[22m
[2mdist/[22m[32massets/第四世代ver2-U2Kesj1a.webp                                                                                                                                                                             [39m[1m[2m  725.13 kB[22m[1m[22m
[2mdist/[22m[32massets/第3世代ver1-1xuRCwyp.webp                                                                                                                                                                             [39m[1m[2m  757.12 kB[22m[1m[22m
[2mdist/[22m[32massets/電弧 (2)-3L6kF98X.webp                                                                                                                                                                               [39m[1m[2m  852.66 kB[22m[1m[22m
[2mdist/[22m[32massets/第五世代-Bjj_fRWQ.webp                                                                                                                                                                                 [39m[1m[2m1,057.57 kB[22m[1m[22m
[2mdist/[22m[32massets/第1世代-b1P27Dav.webp                                                                                                                                                                                 [39m[1m[2m1,134.92 kB[22m[1m[22m
[2mdist/[22m[32massets/研究所-B7hf32lP.webp                                                                                                                                                                                  [39m[1m[2m1,288.21 kB[22m[1m[22m
[2mdist/[22m[32massets/第3.5世代ver2-CHDNzWDf.webp                                                                                                                                                                           [39m[1m[2m1,307.19 kB[22m[1m[22m
[2mdist/[22m[32massets/雷中-DG4eqcc_.webp                                                                                                                                                                                   [39m[1m[2m1,443.80 kB[22m[1m[22m
[2mdist/[22m[32massets/362373__shapingwaves__sw003_robot_voice_18_high_register_cute_squeaky_14-JombpbJY.wav                                                                                                              [39m[1m[2m1,486.89 kB[22m[1m[22m
[2mdist/[22m[32massets/機械廊下-DsDF-hVe.webp                                                                                                                                                                                 [39m[1m[2m1,529.07 kB[22m[1m[22m
[2mdist/[22m[32massets/elevetor-Cx-AobHU.mp3                                                                                                                                                                              [39m[1m[2m1,530.11 kB[22m[1m[22m
[2mdist/[22m[32massets/ピュリファイア・ジルク-D199lJJW.webp                                                                                                                                                                          [39m[1m[2m1,640.08 kB[22m[1m[22m
[2mdist/[22m[32massets/闘技場-DEgNq_Iw.webp                                                                                                                                                                                  [39m[1m[2m1,656.38 kB[22m[1m[22m
[2mdist/[22m[32massets/ピュリファイア・ガラン-Ce7XozqH.webp                                                                                                                                                                          [39m[1m[2m1,707.50 kB[22m[1m[22m
[2mdist/[22m[32massets/ピュリファイア・ブランド-di8ju5_q.webp                                                                                                                                                                         [39m[1m[2m1,767.31 kB[22m[1m[22m
[2mdist/[22m[32massets/平原-yJ_uROZ3.webp                                                                                                                                                                                   [39m[1m[2m1,816.80 kB[22m[1m[22m
[2mdist/[22m[32massets/incredible-LyDTl09y.mp3                                                                                                                                                                            [39m[1m[2m2,165.90 kB[22m[1m[22m
[2mdist/[22m[32massets/歯車の背景-BRJciOLU.png                                                                                                                                                                                 [39m[1m[2m2,260.16 kB[22m[1m[22m
[2mdist/[22m[32massets/zensen he totugekiseyo-CiMPSi4l.mp3                                                                                                                                                                [39m[1m[2m3,940.58 kB[22m[1m[22m
[2mdist/[22m[32massets/0334_ネットワーク廃霊園-7T5OA1bR.mp3                                                                                                                                                                        [39m[1m[2m4,267.20 kB[22m[1m[22m
[2mdist/[22m[32massets/巨大ロボット工場-D9gKBorK.mp3                                                                                                                                                                              [39m[1m[2m4,323.20 kB[22m[1m[22m
[2mdist/[22m[32massets/0332_Mad-Lab-Cs8_gK36.mp3                                                                                                                                                                          [39m[1m[2m4,541.76 kB[22m[1m[22m
[2mdist/[22m[32massets/0207_違法工場-DGB8lnU4.mp3                                                                                                                                                                             [39m[1m[2m4,598.40 kB[22m[1m[22m
[2mdist/[22m[32massets/0352_ムジンプレスコウジョウ-6pLvdz6u.mp3                                                                                                                                                                      [39m[1m[2m4,757.76 kB[22m[1m[22m
[2mdist/[22m[32massets/0347_Virus-Language-DFZZhhSq.mp3                                                                                                                                                                   [39m[1m[2m5,214.72 kB[22m[1m[22m
[2mdist/[22m[35massets/electronicLife-BKoMDABL.css                                                                                                                                                                        [39m[1m[2m    0.63 kB[22m[1m[22m[2m │ gzip:   0.34 kB[22m
[2mdist/[22m[35massets/areaMapPortrait-9R8n-DpZ.css                                                                                                                                                                       [39m[1m[2m    0.66 kB[22m[1m[22m[2m │ gzip:   0.37 kB[22m
[2mdist/[22m[35massets/useScale-DgiI2Kwt.css                                                                                                                                                                              [39m[1m[2m    1.27 kB[22m[1m[22m[2m │ gzip:   0.56 kB[22m
[2mdist/[22m[35massets/explorationFull-CkC5Bgea.css                                                                                                                                                                       [39m[1m[2m    1.29 kB[22m[1m[22m[2m │ gzip:   0.58 kB[22m
[2mdist/[22m[35massets/gestScale-Bbr2yDGx.css                                                                                                                                                                             [39m[1m[2m    1.30 kB[22m[1m[22m[2m │ gzip:   0.60 kB[22m
[2mdist/[22m[35massets/MachineAdventureView-BBHLBmra.css                                                                                                                                                                  [39m[1m[2m    1.52 kB[22m[1m[22m[2m │ gzip:   0.63 kB[22m
[2mdist/[22m[35massets/ChoiceExplorationView-CP27SJKG.css                                                                                                                                                                 [39m[1m[2m    1.98 kB[22m[1m[22m[2m │ gzip:   0.76 kB[22m
[2mdist/[22m[35massets/DialogueMessageModal-8ZtJnFhu.css                                                                                                                                                                  [39m[1m[2m    7.39 kB[22m[1m[22m[2m │ gzip:   1.96 kB[22m
[2mdist/[22m[35massets/DialogueEventEditorView-CVpevNEy.css                                                                                                                                                               [39m[1m[2m   16.24 kB[22m[1m[22m[2m │ gzip:   3.65 kB[22m
[2mdist/[22m[35massets/MachineShopView-t_8RdaST.css                                                                                                                                                                       [39m[1m[2m   16.40 kB[22m[1m[22m[2m │ gzip:   3.49 kB[22m
[2mdist/[22m[35massets/ElectronicLifeView-nbnJ8jzk.css                                                                                                                                                                    [39m[1m[2m   18.50 kB[22m[1m[22m[2m │ gzip:   3.77 kB[22m
[2mdist/[22m[35massets/CharacterLibraryView-DyCz9iX5.css                                                                                                                                                                  [39m[1m[2m   21.45 kB[22m[1m[22m[2m │ gzip:   4.09 kB[22m
[2mdist/[22m[35massets/GuestView-DR_gwPB-.css                                                                                                                                                                             [39m[1m[2m   29.78 kB[22m[1m[22m[2m │ gzip:   6.21 kB[22m
[2mdist/[22m[35massets/AreaMapView-CcrzCvMs.css                                                                                                                                                                           [39m[1m[2m   30.90 kB[22m[1m[22m[2m │ gzip:   6.86 kB[22m
[2mdist/[22m[35massets/AreaExplorationView-C-UoGtjz.css                                                                                                                                                                   [39m[1m[2m   48.69 kB[22m[1m[22m[2m │ gzip:   8.88 kB[22m
[2mdist/[22m[35massets/index-Bd7NsKmV.css                                                                                                                                                                                 [39m[1m[2m   59.18 kB[22m[1m[22m[2m │ gzip:  10.50 kB[22m
[2mdist/[22m[35massets/BattleView-BHg0pDxf.css                                                                                                                                                                            [39m[1m[2m  152.35 kB[22m[1m[22m[2m │ gzip:  26.07 kB[22m
[2mdist/[22m[36massets/ChoiceExplorationView-6GpaO-v0.js                                                                                                                                                                  [39m[1m[2m    2.56 kB[22m[1m[22m[2m │ gzip:   1.40 kB[22m
[2mdist/[22m[36massets/MachineAdventureView-vmt0v9Uw.js                                                                                                                                                                   [39m[1m[2m    3.04 kB[22m[1m[22m[2m │ gzip:   1.59 kB[22m
[2mdist/[22m[36massets/characterLibrary-xkqEX3k5.js                                                                                                                                                                       [39m[1m[2m    4.56 kB[22m[1m[22m[2m │ gzip:   0.65 kB[22m
[2mdist/[22m[36massets/ElectronicLifeView-DHG04QAr.js                                                                                                                                                                     [39m[1m[2m    9.80 kB[22m[1m[22m[2m │ gzip:   3.83 kB[22m
[2mdist/[22m[36massets/MachineShopView-C9bU7jZf.js                                                                                                                                                                        [39m[1m[2m   14.60 kB[22m[1m[22m[2m │ gzip:   5.10 kB[22m
[2mdist/[22m[36massets/CharacterLibraryView-iz1CJJF_.js                                                                                                                                                                   [39m[1m[2m   25.78 kB[22m[1m[22m[2m │ gzip:   8.64 kB[22m
[2mdist/[22m[36massets/AreaMapView-Br46pXGx.js                                                                                                                                                                            [39m[1m[2m   33.12 kB[22m[1m[22m[2m │ gzip:  10.81 kB[22m
[2mdist/[22m[36massets/DialogueEventEditorView-wK8Fqd8v.js                                                                                                                                                                [39m[1m[2m   39.83 kB[22m[1m[22m[2m │ gzip:  11.19 kB[22m
[2mdist/[22m[36massets/GuestView-MC0IWLHa.js                                                                                                                                                                              [39m[1m[2m   71.21 kB[22m[1m[22m[2m │ gzip:  21.28 kB[22m
[2mdist/[22m[36massets/dialogueMessageSettings-DDdFDmSY.js                                                                                                                                                                [39m[1m[2m  104.17 kB[22m[1m[22m[2m │ gzip:   2.51 kB[22m
[2mdist/[22m[36massets/AreaExplorationView-CUtuwQ_i.js                                                                                                                                                                    [39m[1m[2m  105.23 kB[22m[1m[22m[2m │ gzip:  29.82 kB[22m
[2mdist/[22m[36massets/areaMapDrafts-QplYGIG-.js                                                                                                                                                                          [39m[1m[2m  177.70 kB[22m[1m[22m[2m │ gzip:  15.02 kB[22m
[2mdist/[22m[36massets/areaRepository-Bdy1VDcA.js                                                                                                                                                                         [39m[1m[2m  249.64 kB[22m[1m[22m[2m │ gzip:  25.56 kB[22m
[2mdist/[22m[36massets/DialogueMessageModal-DcHIg94T.js                                                                                                                                                                   [39m[1m[2m  276.26 kB[22m[1m[22m[2m │ gzip:  72.21 kB[22m
[2mdist/[22m[36massets/index-BMeBf9Ds.js                                                                                                                                                                                  [39m[1m[2m  336.17 kB[22m[1m[22m[2m │ gzip: 123.75 kB[22m
[2mdist/[22m[36massets/BattleView-D5L0zwd4.js                                                                                                                                                                             [39m[1m[33m1,968.29 kB[39m[22m[2m │ gzip: 440.42 kB[22m

(!) Some chunks are larger than 500 kB after minification. Consider:
- Using dynamic import() to code-split the application
- Use build.rollupOptions.output.manualChunks to improve chunking: https://rollupjs.org/configuration-options/#output-manualchunks
- Adjust chunk size limit for this warning via build.chunkSizeWarningLimit.
[32m✓ built in 6.97s[39m
