
> game-project@1.0.0 build
> vite build

vite v7.0.6 building for production...
transforming...
The glob option "as" has been deprecated in favour of "query". Please update `as: 'url'` to `query: '?url', import: 'default'`.
The glob option "as" has been deprecated in favour of "query". Please update `as: 'url'` to `query: '?url', import: 'default'`.
The glob option "as" has been deprecated in favour of "query". Please update `as: 'url'` to `query: '?url', import: 'default'`.
The glob option "as" has been deprecated in favour of "query". Please update `as: 'url'` to `query: '?url', import: 'default'`.
The glob option "as" has been deprecated in favour of "query". Please update `as: 'url'` to `query: '?url', import: 'default'`.
The glob option "as" has been deprecated in favour of "query". Please update `as: 'url'` to `query: '?url', import: 'default'`.
The glob option "as" has been deprecated in favour of "query". Please update `as: 'url'` to `query: '?url', import: 'default'`.
The glob option "as" has been deprecated in favour of "query". Please update `as: 'url'` to `query: '?url', import: 'default'`.
The glob option "as" has been deprecated in favour of "query". Please update `as: 'url'` to `query: '?url', import: 'default'`.
The glob option "as" has been deprecated in favour of "query". Please update `as: 'url'` to `query: '?url', import: 'default'`.

/images/入力ホーム.jpg referenced in /images/入力ホーム.jpg didn't resolve at build time, it will remain unchanged to be resolved at runtime
✓ 1913 modules transformed.
rendering chunks...
computing gzip size...
dist/index.html                                                                                                                                                                                                     1.24 kB │ gzip:   0.71 kB
dist/assets/剣使い-DVDFlZT-.webp                                                                                                                                                                                       4.10 kB
dist/assets/吐息-DPMvbVzR.webp                                                                                                                                                                                        4.12 kB
dist/assets/精神-COz8_wcX.webp                                                                                                                                                                                        4.14 kB
dist/assets/脚-BWGbcDi7.webp                                                                                                                                                                                         4.22 kB
dist/assets/盾使い-eNEWda3e.webp                                                                                                                                                                                       4.22 kB
dist/assets/弓-Bf-5CkAl.webp                                                                                                                                                                                         4.54 kB
dist/assets/羽-oiYya1_9.webp                                                                                                                                                                                         4.55 kB
dist/assets/空間-CPc6vYGG.webp                                                                                                                                                                                        4.55 kB
dist/assets/雷-F33CVVvY.webp                                                                                                                                                                                         4.66 kB
dist/assets/投擲-PWA7WADI.webp                                                                                                                                                                                        4.71 kB
dist/assets/爪-BzTNsmae.webp                                                                                                                                                                                         4.78 kB
dist/assets/風2-BXOiKv7S.webp                                                                                                                                                                                        4.91 kB
dist/assets/肉体-BnP4rdUq.webp                                                                                                                                                                                        4.91 kB
dist/assets/地-BYmhc5Y3.webp                                                                                                                                                                                         5.18 kB
dist/assets/力場-FBlLmupt.webp                                                                                                                                                                                        5.21 kB
dist/assets/水-x7ILLWYJ.webp                                                                                                                                                                                         5.27 kB
dist/assets/信仰-2dpmjSUj.webp                                                                                                                                                                                        5.34 kB
dist/assets/素手-DIoqM_ER.webp                                                                                                                                                                                        5.34 kB
dist/assets/魔道士-Ch9gjdIA.webp                                                                                                                                                                                       5.34 kB
dist/assets/戦士-CmlMZlXx.webp                                                                                                                                                                                        5.39 kB
dist/assets/人間-D0q2vw1i.webp                                                                                                                                                                                        5.41 kB
dist/assets/物質-gZII-rQS.webp                                                                                                                                                                                        5.53 kB
dist/assets/神官 - コピー-ChhbVxHb.webp                                                                                                                                                                                  5.54 kB
dist/assets/死者-DxlJ3uxO.webp                                                                                                                                                                                        5.55 kB
dist/assets/牙-C6iR2p_g.webp                                                                                                                                                                                         5.63 kB
dist/assets/森司祭-_Gycmxao.webp                                                                                                                                                                                       5.68 kB
dist/assets/気功-Bl5Qh1w8.webp                                                                                                                                                                                        5.72 kB
dist/assets/毒-n9gZdMY4.webp                                                                                                                                                                                         5.75 kB
dist/assets/宇宙-1tl2-SXS.webp                                                                                                                                                                                        5.77 kB
dist/assets/水-QM35m922.webp                                                                                                                                                                                         5.77 kB
dist/assets/太陽-BBY2ZgU3.webp                                                                                                                                                                                        5.78 kB
dist/assets/光-Dxc-Mc6A.webp                                                                                                                                                                                         5.81 kB
dist/assets/獣人-Bo-BXL8m.webp                                                                                                                                                                                        5.84 kB
dist/assets/星-QtFJVL5G.webp                                                                                                                                                                                         5.88 kB
dist/assets/空間2-Bo_flkaO.webp                                                                                                                                                                                       5.90 kB
dist/assets/回復-CQoYeiuu.webp                                                                                                                                                                                        5.93 kB
dist/assets/呪い-DipCJeUK.webp                                                                                                                                                                                        5.96 kB
dist/assets/魔道士 - コピー-BrkiYbe5.webp                                                                                                                                                                                 5.99 kB
dist/assets/全体銃撃-0rLwOw-A.webp                                                                                                                                                                                      6.03 kB
dist/assets/追跡者-DyuWUBjt.webp                                                                                                                                                                                       6.08 kB
dist/assets/炎-BkH53amC.webp                                                                                                                                                                                         6.17 kB
dist/assets/回復-BCwQ5127.webp                                                                                                                                                                                        6.21 kB
dist/assets/強化-B8KhECYB.webp                                                                                                                                                                                        6.22 kB
dist/assets/巨人-2DkcoEy9.webp                                                                                                                                                                                        6.26 kB
dist/assets/携帯電話に出る-KvvZYYHr.mp3                                                                                                                                                                                    6.27 kB
dist/assets/弾幕-Dja1DCtn.webp                                                                                                                                                                                        6.28 kB
dist/assets/悪魔-CjZlsmA6.webp                                                                                                                                                                                        6.31 kB
dist/assets/対魔-B-rVtHGD.webp                                                                                                                                                                                        6.34 kB
dist/assets/兵士-CcXgm_ba.webp                                                                                                                                                                                        6.35 kB
dist/assets/重力2-BBExwm3u.webp                                                                                                                                                                                       6.45 kB
dist/assets/幽霊-Bg1e6JG6.webp                                                                                                                                                                                        6.45 kB
dist/assets/吸血鬼-Co2FiBzq.webp                                                                                                                                                                                       6.50 kB
dist/assets/月-B05Omvap.webp                                                                                                                                                                                         6.54 kB
dist/assets/蟲人-DHHGyu7e.webp                                                                                                                                                                                        6.55 kB
dist/assets/銃-BC_Ox6Fp.webp                                                                                                                                                                                         6.61 kB
dist/assets/風-48p3UwU9.webp                                                                                                                                                                                         6.71 kB
dist/assets/小人-CTzoAsCe.webp                                                                                                                                                                                        6.72 kB
dist/assets/音-BAA2Ra9i.webp                                                                                                                                                                                         6.73 kB
dist/assets/血しぶき-CPl_ByQr.webp                                                                                                                                                                                      6.73 kB
dist/assets/防御2-BMjuhBLn.webp                                                                                                                                                                                       6.76 kB
dist/assets/自然-ZANN3rb_.webp                                                                                                                                                                                        6.77 kB
dist/assets/土人-C7aeW61x.webp                                                                                                                                                                                        6.77 kB
dist/assets/弓使い - コピー-Cx2vtjK8.webp                                                                                                                                                                                 6.77 kB
dist/assets/眼-DWS8kZAk.webp                                                                                                                                                                                         6.80 kB
dist/assets/鬼妖-CROlthP2.webp                                                                                                                                                                                        6.81 kB
dist/assets/地2-B2AqO6Os.webp                                                                                                                                                                                        6.84 kB
dist/assets/動死体-sYQX3SQ4.webp                                                                                                                                                                                       6.87 kB
dist/assets/妖精-C-imdsQ9.webp                                                                                                                                                                                        6.88 kB
dist/assets/海人-CmwkAURa.webp                                                                                                                                                                                        6.91 kB
dist/assets/戦士 - コピー-BwWS7C3f.webp                                                                                                                                                                                  6.94 kB
dist/assets/砂時計-Def9E_Ge.webp                                                                                                                                                                                       6.94 kB
dist/assets/時間-D2ZQ7dwU.webp                                                                                                                                                                                        7.08 kB
dist/assets/追跡者 - コピー-CqO5pkFD.webp                                                                                                                                                                                 7.22 kB
dist/assets/幻覚-BKEOgyXs.webp                                                                                                                                                                                        7.26 kB
dist/assets/天使-DNQNsQL6.webp                                                                                                                                                                                        7.27 kB
dist/assets/火炎--lg7nRe0.webp                                                                                                                                                                                        7.30 kB
dist/assets/魔法-cz5sk1cA.webp                                                                                                                                                                                        7.32 kB
dist/assets/悪魔2-DJca_cbb.webp                                                                                                                                                                                       7.34 kB
dist/assets/闇2-xQHrGNRd.webp                                                                                                                                                                                        7.42 kB
dist/assets/森司祭 - コピー-DHjffsLK.webp                                                                                                                                                                                 7.43 kB
dist/assets/竜-r3kIg_0l.webp                                                                                                                                                                                         7.48 kB
dist/assets/防御-C2rrKkDT.webp                                                                                                                                                                                        7.54 kB
dist/assets/森人-DOoc0Gze.webp                                                                                                                                                                                        7.65 kB
dist/assets/魂導者-DXtOHVIR.webp                                                                                                                                                                                       7.66 kB
dist/assets/重力-BoZzUwpk.webp                                                                                                                                                                                        7.88 kB
dist/assets/半悪魔-BKb5CnYp.webp                                                                                                                                                                                       7.90 kB
dist/assets/炎の囲い-CAJftHI0.webp                                                                                                                                                                                      7.90 kB
dist/assets/打撃連撃-DW0R5GBw.webp                                                                                                                                                                                      7.94 kB
dist/assets/狩人 - コピー-8nA_YCH8.webp                                                                                                                                                                                  7.97 kB
dist/assets/白い矢-DCvGtmVT.webp                                                                                                                                                                                       8.04 kB
dist/assets/祝福-BzBK8HLK.webp                                                                                                                                                                                        8.05 kB
dist/assets/骸骨-DQLIElIb.webp                                                                                                                                                                                        8.12 kB
dist/assets/カメラのシャッター2-De12AY0W.mp3                                                                                                                                                                                 8.15 kB
dist/assets/風-BVEBR0gw.webp                                                                                                                                                                                         8.19 kB
dist/assets/氷-BZQf-GTT.webp                                                                                                                                                                                         8.20 kB
dist/assets/決定音-CH6FqOf0.wav                                                                                                                                                                                        8.26 kB
dist/assets/念動力-CwnVQhmW.webp                                                                                                                                                                                       8.29 kB
dist/assets/火炎-B_Fulqxj.webp                                                                                                                                                                                        8.38 kB
dist/assets/魔法-BfCtaDJM.webp                                                                                                                                                                                        8.41 kB
dist/assets/動物-DvdDFXpX.webp                                                                                                                                                                                        8.42 kB
dist/assets/大鬼-DvwbRLrv.webp                                                                                                                                                                                        8.45 kB
dist/assets/光-DsSCVoS8.webp                                                                                                                                                                                         8.48 kB
dist/assets/半吸血鬼-CShOuQKQ.webp                                                                                                                                                                                      8.69 kB
dist/assets/エンジェル2-G9bi2yr1.webp                                                                                                                                                                                    8.77 kB
dist/assets/白バフ-BTLn11Dk.webp                                                                                                                                                                                       8.78 kB
dist/assets/電撃-CLzxedLj.webp                                                                                                                                                                                        8.79 kB
dist/assets/照準器_枠ver3-Bzp51vyo.webp                                                                                                                                                                                 8.82 kB
dist/assets/木人-Cmo0PQG2.webp                                                                                                                                                                                        8.97 kB
dist/assets/食人鬼-CUFm9_xb.webp                                                                                                                                                                                       9.04 kB
dist/assets/氷-OjoaSHP9.webp                                                                                                                                                                                         9.13 kB
dist/assets/半天使-miOIfmMK.webp                                                                                                                                                                                       9.19 kB
dist/assets/格闘家 - コピー-DZJ2VBik.webp                                                                                                                                                                                 9.32 kB
dist/assets/闇-RGI62Bzf.webp                                                                                                                                                                                         9.59 kB
dist/assets/魂-CbgjKHOm.webp                                                                                                                                                                                         9.69 kB
dist/assets/浄化-CNKnTk6S.webp                                                                                                                                                                                        9.91 kB
dist/assets/雷-DBO3Tcuy.webp                                                                                                                                                                                         9.92 kB
dist/assets/雷黄-CJ-8yVQL.webp                                                                                                                                                                                        9.92 kB
dist/assets/精霊-BXKOzdPR.webp                                                                                                                                                                                        9.99 kB
dist/assets/酸-BoZkpshK.webp                                                                                                                                                                                        10.02 kB
dist/assets/isekai-Regular-BnnuQUE3.otf                                                                                                                                                                            10.37 kB
dist/assets/闇の収束-DJIUTBcj.webp                                                                                                                                                                                     10.57 kB
dist/assets/竜人-CKJgJf98.webp                                                                                                                                                                                       10.65 kB
dist/assets/強化-fRhvMDFf.webp                                                                                                                                                                                       10.82 kB
dist/assets/闇-B8hyH_uN.webp                                                                                                                                                                                        11.06 kB
dist/assets/黒炎上-DyjhiaDg.webp                                                                                                                                                                                      11.22 kB
dist/assets/刺突-D6eyd-DT.webp                                                                                                                                                                                       11.36 kB
dist/assets/照準器_枠_三角-B3p3AHWl.webp                                                                                                                                                                                 11.50 kB
dist/assets/岩-CWTCI_BD.webp                                                                                                                                                                                        11.67 kB
dist/assets/白炎上-xWhtkG2N.webp                                                                                                                                                                                      11.69 kB
dist/assets/トレイにディスクをセット-BXHQLiJx.mp3                                                                                                                                                                              11.91 kB
dist/assets/蟲-CaXmkc4j.webp                                                                                                                                                                                        12.60 kB
dist/assets/選択-BtjbAxWz.webp                                                                                                                                                                                       12.75 kB
dist/assets/粘体-Ca87h_di.webp                                                                                                                                                                                       13.26 kB
dist/assets/銃火器・レーザーガン01-CYD_Qfvs.mp3                                                                                                                                                                              13.47 kB
dist/assets/打撃3-CCNWEbzS.webp                                                                                                                                                                                      13.53 kB
dist/assets/緑バフ-DSEnQcCi.webp                                                                                                                                                                                      13.57 kB
dist/assets/黄バフ-Dga40CDQ.webp                                                                                                                                                                                      13.82 kB
dist/assets/background-image-tHyLJDia.webp                                                                                                                                                                         13.90 kB
dist/assets/爪-D5W_yJ3s.webp                                                                                                                                                                                        13.95 kB
dist/assets/青バフ-DKLlKePr.webp                                                                                                                                                                                      14.22 kB
dist/assets/紫バフ-g-V15pzD.webp                                                                                                                                                                                      14.34 kB
dist/assets/赤バフ-3TRp8I9N.webp                                                                                                                                                                                      14.43 kB
dist/assets/催眠-DActX3mi.webp                                                                                                                                                                                       14.68 kB
dist/assets/炎上-COC84PyS.webp                                                                                                                                                                                       14.89 kB
dist/assets/ロボットの足音3-Bk7kWxBW.mp3                                                                                                                                                                                  14.98 kB
dist/assets/落雷-CsrR9RLj.webp                                                                                                                                                                                       15.19 kB
dist/assets/円_サイバー - コピー-9XZ7y8Na.webp                                                                                                                                                                             15.19 kB
dist/assets/小爆発-_ly92JeY.webp                                                                                                                                                                                      15.67 kB
dist/assets/落下-8YvR3ru9.webp                                                                                                                                                                                       15.82 kB
dist/assets/magic-ring-5V1IzhNz.ttf                                                                                                                                                                                16.40 kB
dist/assets/射撃-Ch0YYkm5.webp                                                                                                                                                                                       16.55 kB
dist/assets/回復2-BOn0C4lw.webp                                                                                                                                                                                      16.58 kB
dist/assets/スライム-CzdaC6qG.webp                                                                                                                                                                                     16.67 kB
dist/assets/氷大-I4P_o1dx.webp                                                                                                                                                                                       17.13 kB
dist/assets/円_サイバー-D-l872hB.webp                                                                                                                                                                                   17.60 kB
dist/assets/魔法の矢-C0nDOt50.webp                                                                                                                                                                                     17.87 kB
dist/assets/レムレー-wfMu6a03.webp                                                                                                                                                                                     18.37 kB
dist/assets/TechVermin-Regular-BGF9QPCh.otf                                                                                                                                                                        18.56 kB
dist/assets/雷盾_image-splitter-qDLS0Agc.webp                                                                                                                                                                        18.61 kB
dist/assets/alien-script-CjqSVmAX.ttf                                                                                                                                                                              18.76 kB
dist/assets/348643__v4cuum__vocal-robotic-sound-CqlE5WYB.mp3                                                                                                                                                       19.32 kB
dist/assets/TechVermin-Italic-CQ-Ox74F.otf                                                                                                                                                                         19.60 kB
dist/assets/風大-Dfz-9w4f.webp                                                                                                                                                                                       19.71 kB
dist/assets/青炎上-BWQjIuID.webp                                                                                                                                                                                      19.84 kB
dist/assets/青い炎-Db8TGpG4.webp                                                                                                                                                                                      19.86 kB
dist/assets/雷s5-dnI_GGAA.webp                                                                                                                                                                                      19.96 kB
dist/assets/魔法の矢-DdFAEXbr.webp                                                                                                                                                                                     19.97 kB
dist/assets/鉄の棒を落とす-gqiUuBYo.mp3                                                                                                                                                                                   20.06 kB
dist/assets/冷気光線-_8wYt0e3.webp                                                                                                                                                                                     20.06 kB
dist/assets/炎上2-BFRS0MV8.webp                                                                                                                                                                                      20.56 kB
dist/assets/決定ボタンを押す49-7nNIkeBo.mp3                                                                                                                                                                                20.64 kB
dist/assets/円_サイバー - コピー (2)-CesWHX61.webp                                                                                                                                                                         20.79 kB
dist/assets/巨大ロボットが腕を動かす3-DWgEuR2V.mp3                                                                                                                                                                             21.05 kB
dist/assets/ロボットを強く殴る2-Cdpwngxb.mp3                                                                                                                                                                                21.31 kB
dist/assets/死霊-QUVWYpCI.webp                                                                                                                                                                                       21.45 kB
dist/assets/闇物理-DMlIFKq9.webp                                                                                                                                                                                      21.59 kB
dist/assets/単発銃撃-CNOfWHRD.webp                                                                                                                                                                                     21.61 kB
dist/assets/鍵を落とす-CaWLSZbA.mp3                                                                                                                                                                                     21.94 kB
dist/assets/落雷2-DA58ilAK.webp                                                                                                                                                                                      22.10 kB
dist/assets/ロボットを強く殴る1-Q7lf5kIw.mp3                                                                                                                                                                                22.40 kB
dist/assets/白物理-CeTdEwqH.webp                                                                                                                                                                                      22.79 kB
dist/assets/青の矢-DRQSXMp9.webp                                                                                                                                                                                      23.12 kB
dist/assets/緑のや-06PH6jz4.webp                                                                                                                                                                                      23.36 kB
dist/assets/赤の矢-FhPN6W7m.webp                                                                                                                                                                                      23.71 kB
dist/assets/紫の矢-M2oyBR4w.webp                                                                                                                                                                                      23.74 kB
dist/assets/黄色の矢-B4S6N0Hy.webp                                                                                                                                                                                     23.80 kB
dist/assets/牙-Du-noi2Q.webp                                                                                                                                                                                        23.90 kB
dist/assets/ロボットが腕を動かす1-B8UpJvBH.mp3                                                                                                                                                                               24.45 kB
dist/assets/バット-CRfuKNvw.webp                                                                                                                                                                                      24.81 kB
dist/assets/robot-say_第一世代-BK4-5BG4.mp3                                                                                                                                                                            25.70 kB
dist/assets/水疱-I7fkhJeF.webp                                                                                                                                                                                       25.78 kB
dist/assets/電話が切れる2-Bjk2pHWv.mp3                                                                                                                                                                                   25.92 kB
dist/assets/岩大-pT9rMq0_.webp                                                                                                                                                                                       25.97 kB
dist/assets/ロボットが腕を動かす2-Ds-DfYGt.mp3                                                                                                                                                                               26.33 kB
dist/assets/決定ボタンを押す6-C8Zfp0dz.mp3                                                                                                                                                                                 26.33 kB
dist/assets/カーソル移動2-DKpk9L_5.mp3                                                                                                                                                                                   26.40 kB
dist/assets/ロボットを殴る2-Bj2q9S0W.mp3                                                                                                                                                                                  26.50 kB
dist/assets/ロボットを殴る1-CvySbbaE.mp3                                                                                                                                                                                  26.50 kB
dist/assets/ロボットを殴る3-D_0YfcjD.mp3                                                                                                                                                                                  26.50 kB
dist/assets/血溜め-BsgK57qr.webp                                                                                                                                                                                      26.62 kB
dist/assets/決定、ボタン押下31--7nNzTUR.mp3                                                                                                                                                                                27.07 kB
dist/assets/矢-D7ba4kbp.webp                                                                                                                                                                                        27.30 kB
dist/assets/落雷3-lnfDk4Gv.webp                                                                                                                                                                                      27.40 kB
dist/assets/カーソル移動8-BfEd5Lgd.mp3                                                                                                                                                                                   27.55 kB
dist/assets/Neko_no_Mezame-BaQPave8.ttf                                                                                                                                                                            27.80 kB
dist/assets/メッセージ表示音1-DtQv0zqp.mp3                                                                                                                                                                                 27.91 kB
dist/assets/キャンセル1-M5p0Tnpv.mp3                                                                                                                                                                                    27.92 kB
dist/assets/キャンセル7-ZpxTfNJj.mp3                                                                                                                                                                                    28.13 kB
dist/assets/ブースタージャンプ1-DezVHGNn.mp3                                                                                                                                                                                28.14 kB
dist/assets/決定ボタンを押す46-gxzGzTER.mp3                                                                                                                                                                                28.15 kB
dist/assets/ロボットが腕を動かす4-CnDMPb2C.mp3                                                                                                                                                                               28.21 kB
dist/assets/闇盾_image-splitter-DO2C08Qg.webp                                                                                                                                                                        28.38 kB
dist/assets/血盾_image-splitter-o5nZ6eCe.webp                                                                                                                                                                        28.39 kB
dist/assets/カーソル移動5-w6sTkPki.mp3                                                                                                                                                                                   28.54 kB
dist/assets/ビープ音4-CkXQ8bHm.mp3                                                                                                                                                                                     28.54 kB
dist/assets/バルブを回す-BPAP-DYg.mp3                                                                                                                                                                                    28.58 kB
dist/assets/炎盾_image-splitter-DiRQGmX0.webp                                                                                                                                                                        28.66 kB
dist/assets/ビープ音1-DuPWWB90.mp3                                                                                                                                                                                     29.16 kB
dist/assets/ビープ音3-DdsTJl3P.mp3                                                                                                                                                                                     29.16 kB
dist/assets/メニューを開く1-D6r_IhOz.mp3                                                                                                                                                                                  29.17 kB
dist/assets/データ表示1-BqiwiQEn.mp3                                                                                                                                                                                    29.17 kB
dist/assets/炎の雨-vIzNOIZZ.webp                                                                                                                                                                                      29.38 kB
dist/assets/魔法陣-DpOLn618.webp                                                                                                                                                                                      29.46 kB
dist/assets/魅了-YjCnydAS.webp                                                                                                                                                                                       29.57 kB
dist/assets/雷大-Ck3UDnh9.webp                                                                                                                                                                                       29.78 kB
dist/assets/メニューを開く4-i9BCwtXO.mp3                                                                                                                                                                                  29.79 kB
dist/assets/雷円_image-splitter-YQwZx6Ky.webp                                                                                                                                                                        29.90 kB
dist/assets/ロボットの足音2-CNYNJMNw.mp3                                                                                                                                                                                  30.09 kB
dist/assets/氷円_image-splitter-CO8W_SHu.webp                                                                                                                                                                        30.14 kB
dist/assets/炎円_image-splitter-CVZdw7RC.webp                                                                                                                                                                        30.15 kB
dist/assets/毒円_image-splitter-COeDeayK.webp                                                                                                                                                                        30.35 kB
dist/assets/血円_image-splitter-Cq3g40WB.webp                                                                                                                                                                        30.95 kB
dist/assets/白円_image-splitter-Cr7siwx_.webp                                                                                                                                                                        31.10 kB
dist/assets/神聖-BYuYCfzB.webp                                                                                                                                                                                       31.15 kB
dist/assets/闇円_image-splitter-CpaME5Ue.webp                                                                                                                                                                        31.19 kB
dist/assets/シャキーン2-CJjEX9Ab.mp3                                                                                                                                                                                    31.35 kB
dist/assets/TECHNOID-BgSmQS1M.TTF                                                                                                                                                                                  31.36 kB
dist/assets/光広がる-DX7p-w2A.webp                                                                                                                                                                                     32.22 kB
dist/assets/炎溜め-psyRerUQ.webp                                                                                                                                                                                      32.33 kB
dist/assets/雷溜め-BEDnj-5P.webp                                                                                                                                                                                      32.53 kB
dist/assets/悪魔の槍-BenWwnGb.webp                                                                                                                                                                                     32.99 kB
dist/assets/聖域-C0QHTqi-.webp                                                                                                                                                                                       34.40 kB
dist/assets/対象破壊-DFe_Cp-5.webp                                                                                                                                                                                     34.45 kB
dist/assets/ディスクを取り出す-BBxCPn2g.mp3                                                                                                                                                                                 34.48 kB
dist/assets/公衆電話にお金を入れる-6wIdp2AF.mp3                                                                                                                                                                               34.48 kB
dist/assets/蝙蝠-31wbJP_M.webp                                                                                                                                                                                       34.59 kB
dist/assets/射撃2-D55I9dBh.webp                                                                                                                                                                                      35.33 kB
dist/assets/robot_第二世代-CNr6Owum.mp3                                                                                                                                                                                35.55 kB
dist/assets/氷盾_image-splitter-Rv0V0_xr.webp                                                                                                                                                                        35.65 kB
dist/assets/メニューを開く3-3HNbYMJL.mp3                                                                                                                                                                                  36.19 kB
dist/assets/巨大ロボットが倒れる-DI1co_xT.mp3                                                                                                                                                                                36.58 kB
dist/assets/火球-CAnQb1xx.webp                                                                                                                                                                                       37.49 kB
dist/assets/クアジット-Bgf2U8FM.webp                                                                                                                                                                                    37.55 kB
dist/assets/ロボットの足音1-CjrWzY-U.mp3                                                                                                                                                                                  37.62 kB
dist/assets/第二世代ver1-2-BrttKCMi.webp                                                                                                                                                                               38.44 kB
dist/assets/default-LipUgoBd.webp                                                                                                                                                                                  38.46 kB
dist/assets/雷物理-Bm-wxIPt.webp                                                                                                                                                                                      39.13 kB
dist/assets/データ表示4-BZpyoRIU.mp3                                                                                                                                                                                    39.20 kB
dist/assets/Bレイブン-CgKd5qPa.webp                                                                                                                                                                                    39.57 kB
dist/assets/不調化の光線-Cl7sbyho.webp                                                                                                                                                                                   39.76 kB
dist/assets/氷物理-pU2MtmZK.webp                                                                                                                                                                                      39.87 kB
dist/assets/炎物理-B3I-PkXi.webp                                                                                                                                                                                      40.14 kB
dist/assets/酸物理-B7J-CeJ-.webp                                                                                                                                                                                      40.14 kB
dist/assets/火球2-C8FwlF0G.webp                                                                                                                                                                                      40.24 kB
dist/assets/毒盾_image-splitter-BJRLjYdH.webp                                                                                                                                                                        40.49 kB
dist/assets/ニンジャ-DN0Jkzk3.webp                                                                                                                                                                                     40.89 kB
dist/assets/復活-ClANko4A.webp                                                                                                                                                                                       41.31 kB
dist/assets/ホーリーラビット-CiXXUdxx.webp                                                                                                                                                                                 41.44 kB
dist/assets/グレムリン-BhjH4oss.webp                                                                                                                                                                                    42.78 kB
dist/assets/決定ボタンを押す14-HblbLy09.mp3                                                                                                                                                                                43.11 kB
dist/assets/スパイダー-DveSNs4V.webp                                                                                                                                                                                    43.57 kB
dist/assets/鏡_transparent-D4EjFvJQ.webp                                                                                                                                                                            43.63 kB
dist/assets/花びら-ChQOnpfl.webp                                                                                                                                                                                      43.81 kB
dist/assets/電車のドアが開く1-Beiz8IWM.mp3                                                                                                                                                                                 44.51 kB
dist/assets/ロボットを強く殴る3-CJ6OxIC0.mp3                                                                                                                                                                                44.93 kB
dist/assets/決定ボタンを押す33-DmJLefE3.mp3                                                                                                                                                                                45.47 kB
dist/assets/重機関銃を乱射1-B_nQiDSe.mp3                                                                                                                                                                                  45.50 kB
dist/assets/金額表示-THS8-NcM.mp3                                                                                                                                                                                      46.39 kB
dist/assets/ロボット合体2-CHMBgocB.mp3                                                                                                                                                                                   47.65 kB
dist/assets/スネーク-BrT5SOJp.webp                                                                                                                                                                                     47.91 kB
dist/assets/プテラノドン-4EpYkYNi.webp                                                                                                                                                                                   47.95 kB
dist/assets/氷溜め-DFDjIjgp.webp                                                                                                                                                                                      48.68 kB
dist/assets/ファングウルフ-jKj2H_M4.webp                                                                                                                                                                                  48.82 kB
dist/assets/照準器ver3-WpUHYX_C.webp                                                                                                                                                                                  49.36 kB
dist/assets/ソルジャー-BvBBEvjI.webp                                                                                                                                                                                    49.44 kB
dist/assets/グール-BiyCpAzj.webp                                                                                                                                                                                      49.58 kB
dist/assets/銃撃2発-BvfH8Nou.webp                                                                                                                                                                                     50.42 kB
dist/assets/酸溜め-DJLes_mr.webp                                                                                                                                                                                      50.51 kB
dist/assets/青熱戦-B3_9nIr2.webp                                                                                                                                                                                      50.64 kB
dist/assets/水溜め-CuJv4mn_.webp                                                                                                                                                                                      51.19 kB
dist/assets/シャドウデヴィル-PdDIqfkb.webp                                                                                                                                                                                 51.31 kB
dist/assets/雷r5-DaMFbey8.webp                                                                                                                                                                                      51.51 kB
dist/assets/蘇生-PSLL0St4.webp                                                                                                                                                                                       51.65 kB
dist/assets/矢2-C7IHeOP5.webp                                                                                                                                                                                       51.77 kB
dist/assets/花溜め-huKw0X-b.webp                                                                                                                                                                                      51.89 kB
dist/assets/射撃3-ByA8LGcn.webp                                                                                                                                                                                      52.29 kB
dist/assets/円_サイバー - コピー (3)-OCWZZmFt.webp                                                                                                                                                                         52.87 kB
dist/assets/神官-DkQQ_CJ0.webp                                                                                                                                                                                       52.92 kB
dist/assets/闇溜め-BnBMZfzr.webp                                                                                                                                                                                      53.00 kB
dist/assets/ワイト-DZaFQTV5.webp                                                                                                                                                                                      53.33 kB
dist/assets/ゾンビ-CHTM_YPC.webp                                                                                                                                                                                      53.98 kB
dist/assets/雷全体-B5B5nxRu.webp                                                                                                                                                                                      54.35 kB
dist/assets/ラット-BJzGYary.webp                                                                                                                                                                                      54.63 kB
dist/assets/メニューを開く5-CGRnIXD4.mp3                                                                                                                                                                                  54.87 kB
dist/assets/天使の矢-ByUeBndU.webp                                                                                                                                                                                     55.44 kB
dist/assets/アーマードデヴィル-B8wSdkRy.webp                                                                                                                                                                                55.51 kB
dist/assets/武士の戦士-DYp7zPY_.webp                                                                                                                                                                                    55.74 kB
dist/assets/フェンサー-C9BidBDs.webp                                                                                                                                                                                    56.10 kB
dist/assets/エレファント-Za0aAc3C.webp                                                                                                                                                                                   56.34 kB
dist/assets/ライター点火-DYIbfxQh.mp3                                                                                                                                                                                    56.42 kB
dist/assets/インプ-YWjTZ3FY.webp                                                                                                                                                                                      56.63 kB
dist/assets/雷の槍-DHG6RAF4.webp                                                                                                                                                                                      56.63 kB
dist/assets/時計-C1D2-Zr1.webp                                                                                                                                                                                       57.31 kB
dist/assets/爆裂--al5lYWK.webp                                                                                                                                                                                       57.33 kB
dist/assets/ゴースト-B9HPFL1r.webp                                                                                                                                                                                     58.29 kB
dist/assets/アーチャー-CifePcDk.webp                                                                                                                                                                                    58.60 kB
dist/assets/ネクロマンサー-H6h-PWA9.webp                                                                                                                                                                                  58.65 kB
dist/assets/ニーデル-bNescI-6.webp                                                                                                                                                                                     58.72 kB
dist/assets/ユニコーン-CnXHWnPL.webp                                                                                                                                                                                    59.53 kB
dist/assets/バイコーン-7Ogfrhzo.webp                                                                                                                                                                                    59.60 kB
dist/assets/グレートホース-kXDmXVIC.webp                                                                                                                                                                                  60.15 kB
dist/assets/決定ボタンを押す10-DXa6_s6l.mp3                                                                                                                                                                                60.40 kB
dist/assets/ボーンデヴィル-homlo1cN.webp                                                                                                                                                                                  60.44 kB
dist/assets/ヘルハウンド-CmEPswcJ.webp                                                                                                                                                                                   60.55 kB
dist/assets/lobokira-LHCDW_LS.mp3                                                                                                                                                                                  61.02 kB
dist/assets/ローグ-UXZvjgTi.webp                                                                                                                                                                                      61.51 kB
dist/assets/ナイト-BIp5ot0f.webp                                                                                                                                                                                      61.64 kB
dist/assets/メッセンジャー-YXPo-i68.webp                                                                                                                                                                                  61.79 kB
dist/assets/全体治癒-CITEemCg.webp                                                                                                                                                                                     61.86 kB
dist/assets/ウォーウィザード-CyzIDO5c.webp                                                                                                                                                                                 62.20 kB
dist/assets/モンク-C3_ONZdw.webp                                                                                                                                                                                      62.94 kB
dist/assets/怨霊-Dv2QUtPQ.webp                                                                                                                                                                                       63.40 kB
dist/assets/骸骨兵-D_CryvoN.webp                                                                                                                                                                                      63.88 kB
dist/assets/冷気光線-DhC1yx_M.webp                                                                                                                                                                                     64.39 kB
dist/assets/マイナー-CvPvEPVZ.webp                                                                                                                                                                                     64.41 kB
dist/assets/イーグル-CZb_2gsT.webp                                                                                                                                                                                     64.56 kB
dist/assets/ヘルパー-DSNk2mnn.webp                                                                                                                                                                                     65.09 kB
dist/assets/タイガー-CpGFtG-S.webp                                                                                                                                                                                     65.10 kB
dist/assets/十字架-D_606MZi.webp                                                                                                                                                                                      65.20 kB
dist/assets/ゴブリンスニーク-BxBDtsMB.webp                                                                                                                                                                                 66.59 kB
dist/assets/エンジェル-G42EFxnD.webp                                                                                                                                                                                    66.86 kB
dist/assets/大砲2-Cb3GVrfc.mp3                                                                                                                                                                                       67.08 kB
dist/assets/ファイター-CuRgqOrO.webp                                                                                                                                                                                    67.31 kB
dist/assets/ソフィア-DyuevV_W.webp                                                                                                                                                                                     68.06 kB
dist/assets/クレリック-BeVos2eg.webp                                                                                                                                                                                    68.10 kB
dist/assets/パソコンの電源を切る-C71N3dT7.mp3                                                                                                                                                                                68.34 kB
dist/assets/銃撃3発-CZEASvzU.webp                                                                                                                                                                                     68.36 kB
dist/assets/ビルダー-DZkBwVWE.webp                                                                                                                                                                                     68.37 kB
dist/assets/炎の壁-D_56W_1Z.webp                                                                                                                                                                                      68.61 kB
dist/assets/movie-type-6LpCn75T.mp3                                                                                                                                                                                68.77 kB
dist/assets/転移-B1L4dsYX.webp                                                                                                                                                                                       69.58 kB
dist/assets/デスィード-CuoJlYvb.webp                                                                                                                                                                                    69.63 kB
dist/assets/闇の槍-68CegnKT.webp                                                                                                                                                                                      69.65 kB
dist/assets/アークデヴィル-DAzFHDqI.webp                                                                                                                                                                                  70.13 kB
dist/assets/パイソンホール-CfMl9JW-.webp                                                                                                                                                                                  70.21 kB
dist/assets/ラッシュベア-DEQVHxqw.webp                                                                                                                                                                                   70.66 kB
dist/assets/十字架降りてくる-Dy_lVWo_.webp                                                                                                                                                                                 70.70 kB
dist/assets/ポイズンラッド-soO-gRDu.webp                                                                                                                                                                                  71.40 kB
dist/assets/ベア-BDvEM1vK.webp                                                                                                                                                                                       72.86 kB
dist/assets/ファントム-Cri0Cu_o.webp                                                                                                                                                                                    72.87 kB
dist/assets/ファーマー-THVOfZ1e.webp                                                                                                                                                                                    72.90 kB
dist/assets/デヴィル--9yHnGM1.webp                                                                                                                                                                                     72.94 kB
dist/assets/ブラキオサウルス-BkSMLzlh.webp                                                                                                                                                                                 73.01 kB
dist/assets/デスナイト-DBNptGQ6.webp                                                                                                                                                                                    73.10 kB
dist/assets/ニア_ヴェステリア-CchzoeEn.webp                                                                                                                                                                                74.80 kB
dist/assets/十字架上がる-BXu-TQE-.webp                                                                                                                                                                                   75.38 kB
dist/assets/ゼブブ-D8WhFzoE.webp                                                                                                                                                                                      75.63 kB
dist/assets/ウィザード-rEGpRKHD.webp                                                                                                                                                                                    76.17 kB
dist/assets/氷全体-BVppbbvf.webp                                                                                                                                                                                      76.59 kB
dist/assets/スケルトン-GZbMJCzA.webp                                                                                                                                                                                    76.79 kB
dist/assets/高速詠唱-ClN506g2.webp                                                                                                                                                                                     77.55 kB
dist/assets/光広がる (2)-Cd3SZczu.webp                                                                                                                                                                                 77.65 kB
dist/assets/入力ホーム-CtGRHAEK.jpg                                                                                                                                                                                     78.28 kB
dist/assets/電撃-BZY__g1f.webp                                                                                                                                                                                       78.41 kB
dist/assets/ハウンド-BOuA-pVK.webp                                                                                                                                                                                     78.85 kB
dist/assets/デュラハン-CoTfzO6z.webp                                                                                                                                                                                    79.07 kB
dist/assets/デスジェネラル-BPCfNN_z.webp                                                                                                                                                                                  79.15 kB
dist/assets/尾攻撃-BfJNFUZw.webp                                                                                                                                                                                      79.18 kB
dist/assets/アーチエンジェル-BLSBg9Hm.webp                                                                                                                                                                                 79.23 kB
dist/assets/捕獲用ドローン-WFo8L_V_.webp                                                                                                                                                                                  79.77 kB
dist/assets/エンジェルルナ-DrfiiCZk.webp                                                                                                                                                                                  79.92 kB
dist/assets/骸骨戦士-B8f5X3oJ.webp                                                                                                                                                                                     79.94 kB
dist/assets/ベルジェル-_2mUJuwg.webp                                                                                                                                                                                    80.56 kB
dist/assets/切り上げ-B2RUqkpC.webp                                                                                                                                                                                     81.09 kB
dist/assets/ゴブリン-CtRZfIoY.webp                                                                                                                                                                                     81.48 kB
dist/assets/転移門-BIKK_V2t.webp                                                                                                                                                                                      82.13 kB
dist/assets/爆発1-Cahn8k5w.mp3                                                                                                                                                                                       82.13 kB
dist/assets/プリンシパリティ_ヴィーナス-CCD_QZra.webp                                                                                                                                                                           82.25 kB
dist/assets/ゴブリンスカウト-DNhgYBpv.webp                                                                                                                                                                                 82.47 kB
dist/assets/光の昇る存在-Jy6HDZbo.webp                                                                                                                                                                                   83.56 kB
dist/assets/堕落の刃-BzFgcQGw.webp                                                                                                                                                                                     83.66 kB
dist/assets/スネーク-BqpeD_T_.webp                                                                                                                                                                                     83.70 kB
dist/assets/巨大シャッターが開く-CT9w2OwD.mp3                                                                                                                                                                                83.76 kB
dist/assets/シャドウ-removebg-preview-qkCbOply.webp                                                                                                                                                                    84.07 kB
dist/assets/オーガボス-CuMNyj7-.webp                                                                                                                                                                                    84.77 kB
dist/assets/光の上昇-lggPbqCw.webp                                                                                                                                                                                     84.86 kB
dist/assets/オーガメイジ-DAlQ_t4Y.webp                                                                                                                                                                                   84.89 kB
dist/assets/ロケットランチャー-jckRami5.mp3                                                                                                                                                                                 85.25 kB
dist/assets/電気-BwwHVHmf.webp                                                                                                                                                                                       85.41 kB
dist/assets/火炎魔法2-CnS9ieD3.mp3                                                                                                                                                                                     85.89 kB
dist/assets/羽赫2-B-IiXdmt.webp                                                                                                                                                                                      85.96 kB
dist/assets/クイーン-DNHUnkDJ.webp                                                                                                                                                                                     86.36 kB
dist/assets/断罪の悪魔-DYFLjdWQ.webp                                                                                                                                                                                    86.89 kB
dist/assets/魔眼-BMMdcNUp.webp                                                                                                                                                                                       87.00 kB
dist/assets/風突風-DpSGk_rq.webp                                                                                                                                                                                      87.47 kB
dist/assets/ソウルイーター-CDbb-uEZ.webp                                                                                                                                                                                  87.49 kB
dist/assets/狩人-CMxMV2dL.webp                                                                                                                                                                                       87.75 kB
dist/assets/電弧-CerFu1qW.webp                                                                                                                                                                                       87.85 kB
dist/assets/アークマーキュリー-BNN7VL1x.webp                                                                                                                                                                                87.89 kB
dist/assets/射撃4-BEo2QARt.webp                                                                                                                                                                                      87.91 kB
dist/assets/アイスデヴィル-BJXsWmf1.webp                                                                                                                                                                                  87.97 kB
dist/assets/第二世代-BOwknLb7.webp                                                                                                                                                                                     88.08 kB
dist/assets/オーガ-C_tY6CCk.webp                                                                                                                                                                                      88.11 kB
dist/assets/蛮族オーガ-CgTAVJIm.webp                                                                                                                                                                                    88.51 kB
dist/assets/セレス-QtU6TEpC.webp                                                                                                                                                                                      88.84 kB
dist/assets/ガスト-tKAMpRWJ.webp                                                                                                                                                                                      89.14 kB
dist/assets/治癒-BxUwQ8kG.webp                                                                                                                                                                                       89.18 kB
dist/assets/アークエンジェル-Bg3t9smH.webp                                                                                                                                                                                 89.34 kB
dist/assets/リッチ-DmYf53Wu.webp                                                                                                                                                                                      90.43 kB
dist/assets/岩全体-qn9RmuWL.webp                                                                                                                                                                                      90.57 kB
dist/assets/レイブン-Q_h-PAOI.webp                                                                                                                                                                                     91.07 kB
dist/assets/ゴブリンボマー--cBTbjDX.webp                                                                                                                                                                                  91.10 kB
dist/assets/ホーリーナイト-bPdgmbg6.webp                                                                                                                                                                                  91.10 kB
dist/assets/制作-D9HljSsI.webp                                                                                                                                                                                       92.02 kB
dist/assets/翼の進化-DirxOubU.webp                                                                                                                                                                                     92.68 kB
dist/assets/霜下ろし-D0EWU0Mh.webp                                                                                                                                                                                     93.07 kB
dist/assets/セレス機体-zX9Cwed0.webp                                                                                                                                                                                    93.25 kB
dist/assets/マイクノイズ-DiBwwI6i.mp3                                                                                                                                                                                    93.34 kB
dist/assets/ドレッチ-Mi22JhVQ.webp                                                                                                                                                                                     94.37 kB
dist/assets/雷5-DRYPgmpW.webp                                                                                                                                                                                       94.59 kB
dist/assets/吹雪-ox3ELYSN.webp                                                                                                                                                                                       94.82 kB
dist/assets/こんどう-D7He62bn.webp                                                                                                                                                                                     94.88 kB
dist/assets/バルゴラ-Bwm58zSe.webp                                                                                                                                                                                     95.27 kB
dist/assets/薔薇-08OL_IcB.webp                                                                                                                                                                                       95.45 kB
dist/assets/チーン2-CxvSRA-E.mp3                                                                                                                                                                                      95.92 kB
dist/assets/十字架が広がる-Dio9YyW9.webp                                                                                                                                                                                  96.17 kB
dist/assets/ゴブリンボス-BXFGk7mF.webp                                                                                                                                                                                   97.22 kB
dist/assets/黒穴-DoFWV-jN.webp                                                                                                                                                                                       97.28 kB
dist/assets/クイーンビー-e_6No-2T.webp                                                                                                                                                                                   97.73 kB
dist/assets/氷魔法で凍結-A6KjHoO2.mp3                                                                                                                                                                                    98.18 kB
dist/assets/レイジオーガ-CAlBbmPb.webp                                                                                                                                                                                   98.18 kB
dist/assets/酸の爆発-BCpNNCvl.webp                                                                                                                                                                                     98.62 kB
dist/assets/炎が広がる-wl78bPMY.webp                                                                                                                                                                                    98.66 kB
dist/assets/金貨-BVLmSKEY.webp                                                                                                                                                                                       98.90 kB
dist/assets/レディエント-CePaKlXf.webp                                                                                                                                                                                   99.20 kB
dist/assets/ヘブンランサー-DNTQDWJc.webp                                                                                                                                                                                  99.47 kB
dist/assets/冷気放射-Zgmjbby6.webp                                                                                                                                                                                     99.86 kB
dist/assets/刃のブラキオサウルス-BVRTc6Ii.webp                                                                                                                                                                               99.89 kB
dist/assets/連鎖する電撃-ZS6UzT84.webp                                                                                                                                                                                  100.15 kB
dist/assets/スレイブ (新)-mnbufLVF.webp                                                                                                                                                                                100.33 kB
dist/assets/大治癒-CG9b6A1P.webp                                                                                                                                                                                     100.36 kB
dist/assets/コウメイ-CW_2yxR-.webp                                                                                                                                                                                    100.75 kB
dist/assets/パワードコロナティック-BzHeeKGI.webp                                                                                                                                                                             101.32 kB
dist/assets/ChatGPT Image 2025年5月23日 17_48_30-DOjY80GE.webp                                                                                                                                                       101.33 kB
dist/assets/魔法陣-DXusK35c.webp                                                                                                                                                                                     102.02 kB
dist/assets/メロディ-DotKU0Oz.webp                                                                                                                                                                                    103.49 kB
dist/assets/ロケットボム-BpJeA7WY.webp                                                                                                                                                                                  103.82 kB
dist/assets/ピュリファイア_ジルク-RrETEU-J.webp                                                                                                                                                                             105.43 kB
dist/assets/蜂-DHkDnJpT.webp                                                                                                                                                                                       105.44 kB
dist/assets/氷葬-DdhziA8O.webp                                                                                                                                                                                      106.18 kB
dist/assets/シャドウ-DJiqrFuj.webp                                                                                                                                                                                    106.31 kB
dist/assets/昇天の加護-BrNjLcT_.webp                                                                                                                                                                                   106.69 kB
dist/assets/毒霧-CQRclPa2.webp                                                                                                                                                                                      107.32 kB
dist/assets/牙の進化-BdThsKai.webp                                                                                                                                                                                    108.05 kB
dist/assets/天の導き-TvOyUKaG.webp                                                                                                                                                                                    108.48 kB
dist/assets/召喚-BRI5Ufny.webp                                                                                                                                                                                      109.27 kB
dist/assets/爪の進化-DvwIXxZ2.webp                                                                                                                                                                                    110.27 kB
dist/assets/default-race-7IzXflkj.webp                                                                                                                                                                            110.72 kB
dist/assets/第四世代-DbZwIQee.webp                                                                                                                                                                                    111.00 kB
dist/assets/水波-M7M2NhbK.webp                                                                                                                                                                                      111.45 kB
dist/assets/ウルフ-DfCMk2Rt.webp                                                                                                                                                                                     111.82 kB
dist/assets/限界突破-UU90_orv.webp                                                                                                                                                                                    113.41 kB
dist/assets/第三世代-C5Z5m8vK.webp                                                                                                                                                                                    114.94 kB
dist/assets/爆裂-B_zS1WrK.webp                                                                                                                                                                                      115.04 kB
dist/assets/魔法解除-BXCz4wBT.webp                                                                                                                                                                                    115.42 kB
dist/assets/スレイブ-BFcU2gHw.webp                                                                                                                                                                                    117.09 kB
dist/assets/落雷-BjvHu87-.webp                                                                                                                                                                                      117.29 kB
dist/assets/魔獣の王-DbPChIBV.webp                                                                                                                                                                                    117.41 kB
dist/assets/尾の進化-yj0R9ehn.webp                                                                                                                                                                                    117.47 kB
dist/assets/魔獣の女王-UAHNoLdc.webp                                                                                                                                                                                   117.86 kB
dist/assets/クルーツェル-DC5XmcYM.webp                                                                                                                                                                                  118.01 kB
dist/assets/斬撃雨-gmCUoAUq.webp                                                                                                                                                                                     119.79 kB
dist/assets/羽赫-DSRWP59_.webp                                                                                                                                                                                      121.22 kB
dist/assets/召喚陣-6VVH2DOI.webp                                                                                                                                                                                     121.64 kB
dist/assets/十字架収束-m5wWx2rW.webp                                                                                                                                                                                   122.18 kB
dist/assets/レイブンver3-CdLoaJO0.webp                                                                                                                                                                                122.96 kB
dist/assets/ユーテェ-OCWqCD-S.webp                                                                                                                                                                                    123.05 kB
dist/assets/次元の扉-CoaaQJUZ.webp                                                                                                                                                                                    123.18 kB
dist/assets/仲介人-B33ROFCe.webp                                                                                                                                                                                     123.80 kB
dist/assets/地獄の契約-BnuEPGfF.webp                                                                                                                                                                                   124.08 kB
dist/assets/ピュリファイア_ブランド-9Se29_V5.webp                                                                                                                                                                            124.09 kB
dist/assets/覚醒3-BpCPBU9x.webp                                                                                                                                                                                     124.44 kB
dist/assets/ブレイザーver (1)-CIyxEa5N.webp                                                                                                                                                                            126.07 kB
dist/assets/ゼルバーグ-D6d2ujaN.webp                                                                                                                                                                                   127.72 kB
dist/assets/パソコンの電源を入れる-CqfeuWe5.mp3                                                                                                                                                                              127.93 kB
dist/assets/状況調査-CUOOq1rt.webp                                                                                                                                                                                    128.32 kB
dist/assets/要塞-Blhu45cX.webp                                                                                                                                                                                      131.10 kB
dist/assets/砂嵐-BqezAGAS.png                                                                                                                                                                                       131.44 kB
dist/assets/天界の鐘-DNTd_Ge5.webp                                                                                                                                                                                    131.64 kB
dist/assets/緊急依頼-DItO5SvC.webp                                                                                                                                                                                    131.65 kB
dist/assets/ビーストの遺跡-BBci3RMb.webp                                                                                                                                                                                 133.33 kB
dist/assets/ピュリファイア_ガラン-DFx-ZUz2.webp                                                                                                                                                                             134.03 kB
dist/assets/溶岩-tT_GvbgX.webp                                                                                                                                                                                      134.14 kB
dist/assets/戦闘機上空通過1-BaSVvY59.mp3                                                                                                                                                                                 134.79 kB
dist/assets/斬撃囲い-B9EU56nV.webp                                                                                                                                                                                    135.33 kB
dist/assets/徴兵令-B0t1RNKa.webp                                                                                                                                                                                     136.53 kB
dist/assets/覚醒-CIH5bYFT.webp                                                                                                                                                                                      136.72 kB
dist/assets/ブレイザーver (2)-BebVQIbi.webp                                                                                                                                                                            136.79 kB
dist/assets/ボア-BIRel4rG.webp                                                                                                                                                                                      136.92 kB
dist/assets/甲冑トリケラトプスの戦士-GZP7dV5h.webp                                                                                                                                                                            137.33 kB
dist/assets/ブレイザー2-BglOOv1T.webp                                                                                                                                                                                  137.75 kB
dist/assets/魔獣化-D3T_MgGo.webp                                                                                                                                                                                     138.67 kB
dist/assets/仮魔獣化-BFpCZWQ8.webp                                                                                                                                                                                    140.35 kB
dist/assets/縄張り-BkRnB3Sj.webp                                                                                                                                                                                     140.56 kB
dist/assets/T-REX-j2kCSIzo.webp                                                                                                                                                                                   140.97 kB
dist/assets/弾幕2-DObl3i4x.webp                                                                                                                                                                                     141.26 kB
dist/assets/格闘家-CSEYJTW7.webp                                                                                                                                                                                     141.29 kB
dist/assets/獄炎の槍-DCLiFBV5.webp                                                                                                                                                                                    141.31 kB
dist/assets/砂嵐-DZa1Y5US.webp                                                                                                                                                                                      141.76 kB
dist/assets/酸爆発-hXvJ8gbb.webp                                                                                                                                                                                     142.23 kB
dist/assets/狩人1-6b4GU7AU.webp                                                                                                                                                                                     142.35 kB
dist/assets/ブレイザーver (3)-CHjVdtPK.webp                                                                                                                                                                            142.45 kB
dist/assets/全体雷-4Uru57tD.webp                                                                                                                                                                                     143.43 kB
dist/assets/炎の雨-DqKrntDP.webp                                                                                                                                                                                     143.58 kB
dist/assets/斬撃の雨-DXAfDpjJ.webp                                                                                                                                                                                    144.04 kB
dist/assets/ブレイザー-BqZt7p2x.webp                                                                                                                                                                                   144.29 kB
dist/assets/導く咆哮-C3QzKjZA.webp                                                                                                                                                                                    144.80 kB
dist/assets/虹の波動-CJ8Kd55u.webp                                                                                                                                                                                    146.01 kB
dist/assets/帰巣本能-CMPG0PPF.webp                                                                                                                                                                                    146.34 kB
dist/assets/放たれた群れ-Z_UYs3ZL.webp                                                                                                                                                                                  146.67 kB
dist/assets/呼び寄せる咆哮-jzCpGAH9.webp                                                                                                                                                                                 146.83 kB
dist/assets/ChatGPT Image 2025年5月23日 18_29_53-W2YZmoUs.webp                                                                                                                                                       147.08 kB
dist/assets/連続電撃ビーム-DigGWvvi.webp                                                                                                                                                                                 147.27 kB
dist/assets/雷鳴のプテラノドン-ColYupQ-.webp                                                                                                                                                                               148.06 kB
dist/assets/レイヴン2-BBfxAyiV.webp                                                                                                                                                                                   148.41 kB
dist/assets/アンドロイド-DCc9H04d.webp                                                                                                                                                                                  149.22 kB
dist/assets/冒険準備-DYXzU9xe.webp                                                                                                                                                                                    149.79 kB
dist/assets/呪いの覗き-DRpgU7CH.webp                                                                                                                                                                                   149.84 kB
dist/assets/乱射-xAZkXCyd.webp                                                                                                                                                                                      149.86 kB
dist/assets/魔法研究-CXo1fl-R.webp                                                                                                                                                                                    150.21 kB
dist/assets/教会-C3hf172W.webp                                                                                                                                                                                      151.32 kB
dist/assets/二重化-CJ4gqWIY.webp                                                                                                                                                                                     152.01 kB
dist/assets/キング-C25gAaOh.webp                                                                                                                                                                                     152.16 kB
dist/assets/死者転帰-BpZ4ySPm.webp                                                                                                                                                                                    152.31 kB
dist/assets/地獄の牢獄-DFtxB5NE.webp                                                                                                                                                                                   153.87 kB
dist/assets/死者召喚-D7HgcC9W.webp                                                                                                                                                                                    154.90 kB
dist/assets/荒野の王-Modwvl5d.webp                                                                                                                                                                                    155.16 kB
dist/assets/ルマティマ-DvLdFIxe.webp                                                                                                                                                                                   155.48 kB
dist/assets/激怒-DR-xtFrj.webp                                                                                                                                                                                      156.07 kB
dist/assets/キャリバーver2-D1RriOOl.webp                                                                                                                                                                               156.69 kB
dist/assets/契約召喚2-K2ZhXOI_.webp                                                                                                                                                                                   156.81 kB
dist/assets/流通所-s3k_k9Qt.webp                                                                                                                                                                                     157.40 kB
dist/assets/薙ぎ払い-sHO_8MBq.webp                                                                                                                                                                                    158.40 kB
dist/assets/不死-CAmsMq8f.webp                                                                                                                                                                                      159.25 kB
dist/assets/灼熱の門-C_xIiIpo.webp                                                                                                                                                                                    159.40 kB
dist/assets/羽赫放射-CsfYk_3B.webp                                                                                                                                                                                    160.12 kB
dist/assets/王城-CMwNjl9v.webp                                                                                                                                                                                      160.66 kB
dist/assets/堀-D9uiIui-.webp                                                                                                                                                                                       161.32 kB
dist/assets/炎の枠-BvCA3SDr.webp                                                                                                                                                                                     161.83 kB
dist/assets/死霊系-TdhWkq_t.webp                                                                                                                                                                                     161.95 kB
dist/assets/腐敗の瘴気-BICD-SJv.webp                                                                                                                                                                                   162.09 kB
dist/assets/吹雪-pjpZpbB_.webp                                                                                                                                                                                      162.93 kB
dist/assets/訓練所-CjjFz4lB.webp                                                                                                                                                                                     163.67 kB
dist/assets/審判の門-DHVVDvlo.webp                                                                                                                                                                                    164.65 kB
dist/assets/囲い切り-NJqd1rnh.webp                                                                                                                                                                                    164.99 kB
dist/assets/聖なる広間-Dz8u095O.webp                                                                                                                                                                                   165.03 kB
dist/assets/冒険者ギルド-Dzy6DD9z.webp                                                                                                                                                                                  165.86 kB
dist/assets/天上の後光-__T8rlWJ.webp                                                                                                                                                                                   165.93 kB
dist/assets/死者の祭壇-DViqzy70.webp                                                                                                                                                                                   166.65 kB
dist/assets/霜下ろし-K6Td77u5.webp                                                                                                                                                                                    168.51 kB
dist/assets/リコリス-CjFyWDFh.webp                                                                                                                                                                                    168.51 kB
dist/assets/連続打撃2-DqgWgzc7.webp                                                                                                                                                                                   168.70 kB
dist/assets/砦-dVNvFxZi.webp                                                                                                                                                                                       171.03 kB
dist/assets/サハクィエル_フェイク-TV-5WMsc.webp                                                                                                                                                                             171.52 kB
dist/assets/第一世代-CIuf8gx-.webp                                                                                                                                                                                    172.98 kB
dist/assets/進化-Bh9aIB--.webp                                                                                                                                                                                      176.29 kB
dist/assets/現地調達-CGd8MdA2.webp                                                                                                                                                                                    177.51 kB
dist/assets/契約召喚-CYJuXf2l.webp                                                                                                                                                                                    177.68 kB
dist/assets/トリケラトプス-DzUNtZIV.webp                                                                                                                                                                                 177.74 kB
dist/assets/恐怖の監視塔-CT_Nbjv0.webp                                                                                                                                                                                  178.08 kB
dist/assets/825574__akelley6__robot-cry-ui-C__1mIIG.wav                                                                                                                                                           181.05 kB
dist/assets/シールド-1N0xn-5q.webp                                                                                                                                                                                    182.20 kB
dist/assets/転移空間接続-Iw15pCd3.webp                                                                                                                                                                                  184.56 kB
dist/assets/連続打撃-REe4ed3J.webp                                                                                                                                                                                    184.86 kB
dist/assets/影の竜-CV9KJL1P.webp                                                                                                                                                                                     185.07 kB
dist/assets/電気バチバチ-IfIbgNfP.mp3                                                                                                                                                                                   185.57 kB
dist/assets/光浄化-CiBbjJjq.webp                                                                                                                                                                                     185.88 kB
dist/assets/死体操り-ADSdAjSS.webp                                                                                                                                                                                    186.88 kB
dist/assets/レンジャー-CFWOt-G6.webp                                                                                                                                                                                   188.95 kB
dist/assets/スレイブ部隊2-ChjZvbKm.webp                                                                                                                                                                                 189.64 kB
dist/assets/alien-conversation-Cca7W-_z.mp3                                                                                                                                                                       190.37 kB
dist/assets/キャリバー-CUATnP9s.webp                                                                                                                                                                                   191.43 kB
dist/assets/クロス切り6-CJM-Wm5g.webp                                                                                                                                                                                  192.21 kB
dist/assets/殺戮の雲-no4WRUqB.webp                                                                                                                                                                                    192.98 kB
dist/assets/リバイラム-Cc-xBy4l.webp                                                                                                                                                                                   193.17 kB
dist/assets/ゼルバーグ-旧removebg-preview-IIlwjppV.webp                                                                                                                                                                 198.23 kB
dist/assets/ヘリコプター上空通過-DSUJVJJs.mp3                                                                                                                                                                               199.99 kB
dist/assets/ビーム爆撃-DLiqRonw.webp                                                                                                                                                                                   205.63 kB
dist/assets/default-class-CWrNg-9s.webp                                                                                                                                                                           205.88 kB
dist/assets/モリエール-C-I66FDi.webp                                                                                                                                                                                   207.07 kB
dist/assets/雷とどまる-z-6OMOd0.webp                                                                                                                                                                                   212.97 kB
dist/assets/嵐の塔-BGvnZ-lm.webp                                                                                                                                                                                     220.26 kB
dist/assets/699850__8bitmyketison__cyber-robot-voice-DKSCa3iu.wav                                                                                                                                                 220.72 kB
dist/assets/冷気放射-By8eFRwf.webp                                                                                                                                                                                    223.48 kB
dist/assets/闇の棘横に向かう-BUlc7344.webp                                                                                                                                                                                226.81 kB
dist/assets/第五世代ver1-DelzYZ94.webp                                                                                                                                                                                228.24 kB
dist/assets/剣3本落下-BxylkkFa.webp                                                                                                                                                                                   228.34 kB
dist/assets/凍結-BnBooPZ6.webp                                                                                                                                                                                      230.27 kB
dist/assets/大都会-XPMfH11I.mp3                                                                                                                                                                                      233.34 kB
dist/assets/闇の棘が広がる-DufibrtT.webp                                                                                                                                                                                 238.84 kB
dist/assets/飛行部隊-BA2Qj3rk.webp                                                                                                                                                                                    256.49 kB
dist/assets/196905__ionicsmusic__race-robot-nitro-BqN4ocn0.wav                                                                                                                                                    256.69 kB
dist/assets/第三世代強化体-DUf1Com-.webp                                                                                                                                                                                 266.37 kB
dist/assets/弾幕3-KfAu3y97.webp                                                                                                                                                                                     277.91 kB
dist/assets/因果逆転-BakGQF2R.webp                                                                                                                                                                                    294.42 kB
dist/assets/モールス信号-CnA7e18m.mp3                                                                                                                                                                                   299.05 kB
dist/assets/薔薇全体-D54814x6.webp                                                                                                                                                                                    299.39 kB
dist/assets/負の跡地-C3MfZbK5.webp                                                                                                                                                                                    299.74 kB
dist/assets/矢の雨-cLcITWOU.webp                                                                                                                                                                                     300.41 kB
dist/assets/炎全体-DlwOTqW5.webp                                                                                                                                                                                     308.35 kB
dist/assets/雷を結ぶ球 (2)-CIhOsC3-.webp                                                                                                                                                                               328.15 kB
dist/assets/因果逆転2-C8iEovkP.webp                                                                                                                                                                                   336.54 kB
dist/assets/トランシーバーのノイズ-vfApm-0E.mp3                                                                                                                                                                              337.92 kB
dist/assets/dead-_-forest1-qg_5SoGG.jpg                                                                                                                                                                           344.20 kB
dist/assets/dead-_-forest6-D4IUgFBe.jpg                                                                                                                                                                           353.22 kB
dist/assets/宿部屋-BgDoZ7lw.webp                                                                                                                                                                                     360.01 kB
dist/assets/妨害電波-BreuOv-P.mp3                                                                                                                                                                                     362.02 kB
dist/assets/dead-_-forest2-DmtmoG8H.jpg                                                                                                                                                                           370.66 kB
dist/assets/薔薇が散る全体-DlxprU8q.webp                                                                                                                                                                                 378.72 kB
dist/assets/獣の森・水辺-DwUlgz6C.webp                                                                                                                                                                                  389.87 kB
dist/assets/水脈森-D-M3xrsL.webp                                                                                                                                                                                     390.81 kB
dist/assets/ロボット研究所_廃墟-ppxK7HD7.webp                                                                                                                                                                              421.17 kB
dist/assets/forest-dot1-BOnfzUxT.jpg                                                                                                                                                                              429.18 kB
dist/assets/大鉱山-CGxyMLXM.webp                                                                                                                                                                                     443.02 kB
dist/assets/炎レーザー爆発-0ZCXBWNw.webp                                                                                                                                                                                 444.62 kB
dist/assets/全体に謎の球-CqIFLKmH.webp                                                                                                                                                                                  445.50 kB
dist/assets/獣の森-r1OYumO5.webp                                                                                                                                                                                     450.75 kB
dist/assets/海沿いの森-CiZe6JmY.webp                                                                                                                                                                                   466.42 kB
dist/assets/砂漠山-f9d_kHkK.webp                                                                                                                                                                                     467.27 kB
dist/assets/DALL·E 2024-12-09 22.54.46 - A vertical pixel art in a retro monochrome style depicting a dark and narrow alleyway in a fantasy town. The scene features cobblestone paths_ wooden -B61d6RyO.webp     467.97 kB
dist/assets/電弧-XFzOD2iB.webp                                                                                                                                                                                      471.19 kB
dist/assets/room-BsQSpczz.webp                                                                                                                                                                                    473.87 kB
dist/assets/全方位射撃-CcJ0O2D5.webp                                                                                                                                                                                   478.47 kB
dist/assets/電弧 (3)-CWvdUAJf.webp                                                                                                                                                                                  488.96 kB
dist/assets/蝶が広がる-CtI61j8o.webp                                                                                                                                                                                   490.27 kB
dist/assets/ビーム薙ぎ払い-B0Pi7OSG.webp                                                                                                                                                                                 493.17 kB
dist/assets/獣の森・沼地-DRVUZsGl.webp                                                                                                                                                                                  495.02 kB
dist/assets/大森林・中部-jYGBKK1J.webp                                                                                                                                                                                  498.12 kB
dist/assets/cave--6zuTF1o.jpg                                                                                                                                                                                     501.51 kB
dist/assets/畑-DdzksG3h.webp                                                                                                                                                                                       504.11 kB
dist/assets/room2-BVZMtNsO.webp                                                                                                                                                                                   505.70 kB
dist/assets/鉱脈入口-BgvJcGMP.webp                                                                                                                                                                                    516.94 kB
dist/assets/forest-D8ySk3At.jpg                                                                                                                                                                                   526.42 kB
dist/assets/ギルド-SrziFHsh.webp                                                                                                                                                                                     555.12 kB
dist/assets/雷を結ぶ球-DfakDNjq.webp                                                                                                                                                                                   567.41 kB
dist/assets/DALL·E 2024-12-07 11.45.42 - A vertical pixel art in a retro monochrome style depicting a serene fantasy forest. The scene features tall_ ancient trees with intricate bark and a c-mDhgqvv6.webp     578.14 kB
dist/assets/第2世代-BoV9tZ2D.webp                                                                                                                                                                                    603.09 kB
dist/assets/水脈森1-CixKBHVf.webp                                                                                                                                                                                    614.04 kB
dist/assets/cave (2)-C6uf3a43.jpg                                                                                                                                                                                 624.81 kB
dist/assets/capital-DvfDOQ3v.webp                                                                                                                                                                                 628.63 kB
dist/assets/第2世代_小型 -BQNhIK4c.webp                                                                                                                                                                                647.09 kB
dist/assets/金貨大量-hO231vJk.webp                                                                                                                                                                                    675.25 kB
dist/assets/町並み-Tav_rWqN.webp                                                                                                                                                                                     676.96 kB
dist/assets/農村-DxrvogIZ.webp                                                                                                                                                                                      678.43 kB
dist/assets/地下水路-DzY166as.webp                                                                                                                                                                                    691.86 kB
dist/assets/第四世代ver2-U2Kesj1a.webp                                                                                                                                                                                725.13 kB
dist/assets/第3世代ver1-1xuRCwyp.webp                                                                                                                                                                                757.12 kB
dist/assets/電弧 (2)-3L6kF98X.webp                                                                                                                                                                                  852.66 kB
dist/assets/第五世代-Bjj_fRWQ.webp                                                                                                                                                                                  1,057.57 kB
dist/assets/第1世代-b1P27Dav.webp                                                                                                                                                                                  1,134.92 kB
dist/assets/研究所-B7hf32lP.webp                                                                                                                                                                                   1,288.21 kB
dist/assets/第3.5世代ver2-CHDNzWDf.webp                                                                                                                                                                            1,307.19 kB
dist/assets/雷中-DG4eqcc_.webp                                                                                                                                                                                    1,443.80 kB
dist/assets/362373__shapingwaves__sw003_robot_voice_18_high_register_cute_squeaky_14-JombpbJY.wav                                                                                                               1,486.89 kB
dist/assets/機械廊下-DsDF-hVe.webp                                                                                                                                                                                  1,529.07 kB
dist/assets/elevetor-Cx-AobHU.mp3                                                                                                                                                                               1,530.11 kB
dist/assets/中層施設壁素材-BTsRW5VD.png                                                                                                                                                                                1,592.90 kB
dist/assets/ピュリファイア・ジルク-D199lJJW.webp                                                                                                                                                                           1,640.08 kB
dist/assets/闘技場-DEgNq_Iw.webp                                                                                                                                                                                   1,656.38 kB
dist/assets/ピュリファイア・ガラン-Ce7XozqH.webp                                                                                                                                                                           1,707.50 kB
dist/assets/ピュリファイア・ブランド-di8ju5_q.webp                                                                                                                                                                          1,767.31 kB
dist/assets/中層背景-JXLkaqGZ.png                                                                                                                                                                                   1,813.67 kB
dist/assets/平原-yJ_uROZ3.webp                                                                                                                                                                                    1,816.80 kB
dist/assets/incredible-LyDTl09y.mp3                                                                                                                                                                             2,165.90 kB
dist/assets/歯車の背景-BRJciOLU.png                                                                                                                                                                                  2,260.16 kB
dist/assets/zensen he totugekiseyo-CiMPSi4l.mp3                                                                                                                                                                 3,940.58 kB
dist/assets/0334_ネットワーク廃霊園-7T5OA1bR.mp3                                                                                                                                                                         4,267.20 kB
dist/assets/巨大ロボット工場-D9gKBorK.mp3                                                                                                                                                                               4,323.20 kB
dist/assets/0332_Mad-Lab-Cs8_gK36.mp3                                                                                                                                                                           4,541.76 kB
dist/assets/0207_違法工場-DGB8lnU4.mp3                                                                                                                                                                              4,598.40 kB
dist/assets/0352_ムジンプレスコウジョウ-6pLvdz6u.mp3                                                                                                                                                                       4,757.76 kB
dist/assets/0347_Virus-Language-DFZZhhSq.mp3                                                                                                                                                                    5,214.72 kB
dist/assets/ID003_Western-Castle_night-CLa106rN.jpg                                                                                                                                                            19,058.00 kB
dist/assets/capital - コピー-Ba9topCa.jpg                                                                                                                                                                         19,339.51 kB
dist/assets/ID003_Western-Castle_evening-BfgkdCS-.jpg                                                                                                                                                          19,611.15 kB
dist/assets/spriteSheet-B0-sBRbm.css                                                                                                                                                                                0.25 kB │ gzip:   0.18 kB
dist/assets/electronicLife-BKoMDABL.css                                                                                                                                                                             0.63 kB │ gzip:   0.34 kB
dist/assets/areaMapPortrait-9R8n-DpZ.css                                                                                                                                                                            0.66 kB │ gzip:   0.37 kB
dist/assets/useScale-DgiI2Kwt.css                                                                                                                                                                                   1.27 kB │ gzip:   0.56 kB
dist/assets/explorationFull-CkC5Bgea.css                                                                                                                                                                            1.29 kB │ gzip:   0.58 kB
dist/assets/gestScale-Bbr2yDGx.css                                                                                                                                                                                  1.30 kB │ gzip:   0.60 kB
dist/assets/MachineAdventureView-BBHLBmra.css                                                                                                                                                                       1.52 kB │ gzip:   0.63 kB
dist/assets/ChoiceExplorationView-CP27SJKG.css                                                                                                                                                                      1.98 kB │ gzip:   0.76 kB
dist/assets/DialogueMessageModal-8ZtJnFhu.css                                                                                                                                                                       7.39 kB │ gzip:   1.96 kB
dist/assets/DialogueEventEditorView-CVpevNEy.css                                                                                                                                                                   16.24 kB │ gzip:   3.65 kB
dist/assets/MachineShopView-t_8RdaST.css                                                                                                                                                                           16.40 kB │ gzip:   3.49 kB
dist/assets/ElectronicLifeView-nbnJ8jzk.css                                                                                                                                                                        18.50 kB │ gzip:   3.77 kB
dist/assets/CharacterLibraryView-BPnacsZx.css                                                                                                                                                                      25.58 kB │ gzip:   4.71 kB
dist/assets/AreaMapView-D6vdXiii.css                                                                                                                                                                               31.53 kB │ gzip:   6.97 kB
dist/assets/GuestView-DhRwUTJJ.css                                                                                                                                                                                 50.92 kB │ gzip:   9.85 kB
dist/assets/index-Bd7NsKmV.css                                                                                                                                                                                     59.18 kB │ gzip:  10.50 kB
dist/assets/AreaExplorationView-rT-EouLm.css                                                                                                                                                                       69.64 kB │ gzip:  12.27 kB
dist/assets/BattleView-BHg0pDxf.css                                                                                                                                                                               152.35 kB │ gzip:  26.07 kB
dist/assets/spriteSheet-D4aoMqjO.js                                                                                                                                                                                 2.33 kB │ gzip:   1.20 kB
dist/assets/ChoiceExplorationView-CfCPVkrN.js                                                                                                                                                                       2.56 kB │ gzip:   1.40 kB
dist/assets/MachineAdventureView-AotrIsro.js                                                                                                                                                                        3.04 kB │ gzip:   1.59 kB
dist/assets/ElectronicLifeView-1uTSte4L.js                                                                                                                                                                          9.80 kB │ gzip:   3.83 kB
dist/assets/characterLibrary-DExEoAhV.js                                                                                                                                                                           10.23 kB │ gzip:   1.12 kB
dist/assets/MachineShopView-BwweaX6f.js                                                                                                                                                                            14.60 kB │ gzip:   5.10 kB
dist/assets/CharacterLibraryView-CIzinSJd.js                                                                                                                                                                       33.07 kB │ gzip:  10.88 kB
dist/assets/AreaMapView-DQv0OUhl.js                                                                                                                                                                                34.86 kB │ gzip:  11.52 kB
dist/assets/DialogueEventEditorView-Bye276ee.js                                                                                                                                                                    39.83 kB │ gzip:  11.19 kB
dist/assets/dialogueMessageSettings-DDdFDmSY.js                                                                                                                                                                   104.17 kB │ gzip:   2.51 kB
dist/assets/GuestView-DSUpTpUc.js                                                                                                                                                                                 116.01 kB │ gzip:  35.09 kB
dist/assets/AreaExplorationView-Bfy_UIIG.js                                                                                                                                                                       135.48 kB │ gzip:  38.74 kB
dist/assets/mapPartLibrary-Debh6oUt.js                                                                                                                                                                            182.86 kB │ gzip:  17.34 kB
dist/assets/areaRepository-WbR5WDH9.js                                                                                                                                                                            249.68 kB │ gzip:  25.59 kB
dist/assets/DialogueMessageModal-CKR2tyrp.js                                                                                                                                                                      276.26 kB │ gzip:  72.21 kB
dist/assets/index-BDiBrpUg.js                                                                                                                                                                                     336.53 kB │ gzip: 123.88 kB
dist/assets/BattleView-D4QOzR6q.js                                                                                                                                                                              1,968.30 kB │ gzip: 440.42 kB

(!) Some chunks are larger than 500 kB after minification. Consider:
- Using dynamic import() to code-split the application
- Use build.rollupOptions.output.manualChunks to improve chunking: https://rollupjs.org/configuration-options/#output-manualchunks
- Adjust chunk size limit for this warning via build.chunkSizeWarningLimit.
✓ built in 7.46s
